【用户正在购买】,1657699125760,2022-07-13 15:58:45,u_a483e5yk5mg8,91号
【用户正在购买】,1657699145855,2022-07-13 15:59:05,u_a483e5yk5mg8,89号
【主播弹幕】,1657699192362,2022-07-13 15:59:52,主播,1-78号满减券199-130！实付满69整点全屏抽零食！！
【用户正在购买】,1657699199258,2022-07-13 15:59:59,u_a483e5yk5mg8,36号
【用户加入购物车】,1657699259645,2022-07-13 16:00:59,u_a483e5yk5mg8,33号
【用户加入购物车】,1657699265796,2022-07-13 16:01:05,s筱双66,109号
【主播正在讲解】,1657699291024,2022-07-13 16:01:31,主播,87号
【主播弹幕】,1657699291055,2022-07-13 16:01:31,主播,正在讲解87号宝贝
【主播开始讲解】,1657699291073,2022-07-13 16:01:31,主播,87
【用户正在购买】,1657699294258,2022-07-13 16:01:34,jd_anDWPnxjWpXB,129号
【用户领券】,1657699308745,2022-07-13 16:01:48,jd_182559gsl,领取了满199减130元券
【用户领券】,1657699309370,2022-07-13 16:01:49,jd_182559gsl,领取了满300减200元券
【用户领券】,1657699309828,2022-07-13 16:01:49,jd_182559gsl,领取了满400减270元券
【用户加入购物车】,1657699320150,2022-07-13 16:02:00,jd_182559gsl,129号
【用户加入购物车】,1657699321270,2022-07-13 16:02:01,jd_182559gsl,130号
【用户加入购物车】,1657699322672,2022-07-13 16:02:02,jd_182559gsl,130号
【用户正在购买】,1657699326593,2022-07-13 16:02:06,s筱双66,87号
【用户加入购物车】,1657699352728,2022-07-13 16:02:32,s筱双66,130号
【用户正在购买】,1657699355061,2022-07-13 16:02:35,s筱双66,130号
【用户正在购买】,1657699375290,2022-07-13 16:02:55,u_a483e5yk5mg8,129号
【用户正在购买】,1657699385224,2022-07-13 16:03:05,u_a483e5yk5mg8,128号
【主播结束讲解】,1657699398910,2022-07-13 16:03:18,主播,87
【用户正在购买】,1657699405194,2022-07-13 16:03:25,u_a483e5yk5mg8,118号
【用户加入购物车】,1657699418354,2022-07-13 16:03:38,u_a483e5yk5mg8,109号
【用户加入购物车】,1657699426385,2022-07-13 16:03:46,u_a483e5yk5mg8,97号
【实时弹幕】,1657699430112,2022-07-13 16:03:50,jd_4641263b1c644,鸡胸肉有没有？
【用户正在购买】,1657699434298,2022-07-13 16:03:54,u_a483e5yk5mg8,93号
【用户正在购买】,1657699446807,2022-07-13 16:04:06,u_a483e5yk5mg8,93号
【主播推送商品】,1657699453286,2022-07-13 16:04:13,主播,122号
【主播推送商品】,1657699460872,2022-07-13 16:04:20,主播,122号
【用户正在购买】,1657699462120,2022-07-13 16:04:22,u_a483e5yk5mg8,90号
【用户正在购买】,1657699471788,2022-07-13 16:04:31,jd_4641263b1c644,122号
【用户正在购买】,1657699500558,2022-07-13 16:05:00,jd_4641263b1c644,122号
【实时弹幕】,1657699538119,2022-07-13 16:05:38,jd_4641263b1c644,你好  鸡胸肉从哪里发货？
【用户加入购物车】,1657699562095,2022-07-13 16:06:02,jd_4641263b1c644,122号
【用户正在购买】,1657699564729,2022-07-13 16:06:04,jd_4641263b1c644,122号
【用户正在购买】,1657699575881,2022-07-13 16:06:15,jd_4641263b1c644,122号
【用户加入购物车】,1657699639716,2022-07-13 16:07:19,1234444-yz,101号
【用户正在购买】,1657699641514,2022-07-13 16:07:21,1234444-yz,101号
【主播正在讲解】,1657699642898,2022-07-13 16:07:22,主播,104号
【主播弹幕】,1657699642914,2022-07-13 16:07:22,主播,正在讲解104号宝贝
【主播开始讲解】,1657699642939,2022-07-13 16:07:22,主播,104
【实时弹幕】,1657699672353,2022-07-13 16:07:52,jd_4641263b1c644,已拍
【用户正在购买】,1657699690049,2022-07-13 16:08:10,shangxin1234,104号
【用户加入购物车】,1657699695277,2022-07-13 16:08:15,s筱双66,126号
【用户正在购买】,1657699706252,2022-07-13 16:08:26,shangxin1234,130号
【用户正在购买】,1657699715769,2022-07-13 16:08:35,shangxin1234,129号
【主播结束讲解】,1657699771926,2022-07-13 16:09:31,主播,104
【实时弹幕】,1657699778762,2022-07-13 16:09:38,s筱双66,优惠券怎么用不了
【主播弹幕】,1657699808343,2022-07-13 16:10:08,主播,1-78号满减券199-130！实付满69整点全屏抽零食！！
【主播弹幕】,1657699810514,2022-07-13 16:10:10,主播,1-78号满减券199-130！实付满69整点全屏抽零食！！
【实时弹幕】,1657699857334,2022-07-13 16:10:57,mXhAWovgomlg,满减划算还是大礼包划算
【用户正在购买】,1657699882927,2022-07-13 16:11:22,guotao1983,105号
【用户正在购买】,1657699984452,2022-07-13 16:13:04,jd_cSnuWWzirsjX,129号
【主播正在讲解】,1657700015435,2022-07-13 16:13:35,主播,91号
【主播弹幕】,1657700015453,2022-07-13 16:13:35,主播,正在讲解91号宝贝
【主播开始讲解】,1657700015483,2022-07-13 16:13:35,主播,91
【主播结束讲解】,1657700156340,2022-07-13 16:15:56,主播,91
【主播正在讲解】,1657700450625,2022-07-13 16:20:50,主播,85号
【用户正在购买】,1657700450636,2022-07-13 16:20:50,jd_bPfPUQIjpYvQ,123号
【主播弹幕】,1657700450640,2022-07-13 16:20:50,主播,正在讲解85号宝贝
【主播开始讲解】,1657700453226,2022-07-13 16:20:53,主播,85
【主播结束讲解】,1657700553523,2022-07-13 16:22:33,主播,85
【主播正在讲解】,1657700722737,2022-07-13 16:25:22,主播,81号
【主播弹幕】,1657700722754,2022-07-13 16:25:22,主播,正在讲解81号宝贝
【主播开始讲解】,1657700722761,2022-07-13 16:25:22,主播,81
【主播结束讲解】,1657700838439,2022-07-13 16:27:18,主播,81
【用户正在购买】,1657701070312,2022-07-13 16:31:10,jd_187211siv,95号
【用户正在购买】,1657701094312,2022-07-13 16:31:34,jd_CkkGhnrszfIr,95号
【用户正在购买】,1657701162561,2022-07-13 16:32:42,jd_187211siv,102号
【主播正在讲解】,1657701185079,2022-07-13 16:33:05,主播,79号
【主播弹幕】,1657701185092,2022-07-13 16:33:05,主播,正在讲解79号宝贝
【主播开始讲解】,1657701185112,2022-07-13 16:33:05,主播,79
【用户正在购买】,1657701258846,2022-07-13 16:34:18,only119bWH,81号
【主播结束讲解】,1657701271141,2022-07-13 16:34:31,主播,79
【用户领券】,1657701328838,2022-07-13 16:35:28,钢憨,领取了满199减130元券
【用户领券】,1657701332830,2022-07-13 16:35:32,jd_152673ingr,领取了满400减270元券
【用户领券】,1657701334174,2022-07-13 16:35:34,jd_152673ingr,领取了满300减200元券
【用户领券】,1657701336108,2022-07-13 16:35:36,jd_152673ingr,领取了满199减130元券
【用户正在购买】,1657701340895,2022-07-13 16:35:40,jd_152673ingr,126号
【用户关注】,1657701354021,2022-07-13 16:35:54,hhjjhhwwss
【用户领券】,1657701360767,2022-07-13 16:36:00,hhjjhhwwss,领取了满199减130元券
【用户关注】,1657701395795,2022-07-13 16:36:35,AMmloAIAbbFB
【用户正在购买】,1657701479409,2022-07-13 16:37:59,hhjjhhwwss,102号
【用户加入购物车】,1657701491996,2022-07-13 16:38:11,hhjjhhwwss,102号
【用户正在购买】,1657701502861,2022-07-13 16:38:22,颜颜2011,129号
【用户加入购物车】,1657701536257,2022-07-13 16:38:56,hhjjhhwwss,84号
【用户正在购买】,1657701544252,2022-07-13 16:39:04,hhjjhhwwss,81号
【主播正在讲解】,1657701672607,2022-07-13 16:41:12,主播,77号
【主播弹幕】,1657701672625,2022-07-13 16:41:12,主播,正在讲解77号宝贝
【主播开始讲解】,1657701672828,2022-07-13 16:41:12,主播,77
【用户分享直播间】,1657701676612,2022-07-13 16:41:16,调皮的果
【用户正在购买】,1657701720834,2022-07-13 16:42:00,hhjjhhwwss,129号
【用户正在购买】,1657701736543,2022-07-13 16:42:16,hhjjhhwwss,121号
【用户正在购买】,1657701764497,2022-07-13 16:42:44,nana1034,130号
【用户正在购买】,1657701777650,2022-07-13 16:42:57,jd_IiguxLUNAUnT,127号
【实时弹幕】,1657701779011,2022-07-13 16:42:59,jd_152673ingr,买了
【实时弹幕】,1657701785711,2022-07-13 16:43:05,jd_152673ingr,实付两百多
【用户正在购买】,1657701788251,2022-07-13 16:43:08,jd_152673ingr,77号
【用户正在购买】,1657701798438,2022-07-13 16:43:18,nana1034,125号
【实时弹幕】,1657701818840,2022-07-13 16:43:38,jd_152673ingr,早就关注了
【实时弹幕】,1657701828410,2022-07-13 16:43:48,jd_152673ingr,昨天充了950
【主播结束讲解】,1657701837767,2022-07-13 16:43:57,主播,77
【用户正在购买】,1657701941950,2022-07-13 16:45:41,jd_YRVcYMIVPoSx,117号
【用户正在购买】,1657701945173,2022-07-13 16:45:45,jd_YRVcYMIVPoSx,117号
【主播正在讲解】,1657701957407,2022-07-13 16:45:57,主播,75号
【主播弹幕】,1657701957421,2022-07-13 16:45:57,主播,正在讲解75号宝贝
【主播开始讲解】,1657701957449,2022-07-13 16:45:57,主播,75
【用户领券】,1657702007981,2022-07-13 16:46:47,jd_18374895401,领取了满300减200元券
【用户领券】,1657702009285,2022-07-13 16:46:49,jd_18374895401,领取了满400减270元券
【用户领券】,1657702011808,2022-07-13 16:46:51,jd_18374895401,领取了满199减130元券
【用户加入购物车】,1657702051594,2022-07-13 16:47:31,jd_18374895401,90号
【用户加入购物车】,1657702053329,2022-07-13 16:47:33,jd_18374895401,90号
【用户加入购物车】,1657702054287,2022-07-13 16:47:34,jd_18374895401,90号
【用户加入购物车】,1657702054565,2022-07-13 16:47:34,jd_18374895401,90号
【用户加入购物车】,1657702054885,2022-07-13 16:47:34,jd_18374895401,90号
【用户加入购物车】,1657702055085,2022-07-13 16:47:35,jd_18374895401,90号
【用户加入购物车】,1657702055306,2022-07-13 16:47:35,jd_18374895401,90号
【用户加入购物车】,1657702055544,2022-07-13 16:47:35,jd_18374895401,90号
【用户加入购物车】,1657702055803,2022-07-13 16:47:35,jd_18374895401,90号
【用户加入购物车】,1657702055993,2022-07-13 16:47:35,jd_18374895401,90号
【用户加入购物车】,1657702056166,2022-07-13 16:47:36,jd_18374895401,90号
【用户加入购物车】,1657702056404,2022-07-13 16:47:36,jd_18374895401,90号
【用户加入购物车】,1657702056859,2022-07-13 16:47:36,jd_18374895401,90号
【用户加入购物车】,1657702056913,2022-07-13 16:47:36,jd_18374895401,90号
【用户加入购物车】,1657702057144,2022-07-13 16:47:37,jd_18374895401,90号
【用户加入购物车】,1657702057413,2022-07-13 16:47:37,jd_18374895401,90号
【用户加入购物车】,1657702057572,2022-07-13 16:47:37,jd_18374895401,90号
【用户加入购物车】,1657702057824,2022-07-13 16:47:37,jd_18374895401,90号
【用户加入购物车】,1657702058034,2022-07-13 16:47:38,jd_18374895401,90号
【用户加入购物车】,1657702058281,2022-07-13 16:47:38,jd_18374895401,90号
【用户加入购物车】,1657702058405,2022-07-13 16:47:38,jd_18374895401,90号
【用户加入购物车】,1657702058604,2022-07-13 16:47:38,jd_18374895401,90号
【用户加入购物车】,1657702058821,2022-07-13 16:47:38,jd_18374895401,90号
【用户加入购物车】,1657702060422,2022-07-13 16:47:40,jd_18374895401,90号
【主播结束讲解】,1657702064190,2022-07-13 16:47:44,主播,75
【用户正在购买】,1657702065933,2022-07-13 16:47:45,jd_18374895401,90号
【实时弹幕】,1657702160472,2022-07-13 16:49:20,jd_18374895401,优惠券用不了
【用户加入购物车】,1657702161587,2022-07-13 16:49:21,颜颜2011,129号
【用户正在购买】,1657702165998,2022-07-13 16:49:25,颜颜2011,130号
【主播弹幕】,1657702236606,2022-07-13 16:50:36,主播,1-78号满减券199-130！实付满69整点全屏抽零食！！
【主播弹幕】,1657702238678,2022-07-13 16:50:38,主播,1-78号满减券199-130！实付满69整点全屏抽零食！！
【主播弹幕】,1657702250868,2022-07-13 16:50:50,主播,1-78号满减券199-130！实付满69整点全屏抽零食！！
【用户正在购买】,1657702256835,2022-07-13 16:50:56,jd_SdnVKbcdJQBu,123号
【用户领券】,1657702280346,2022-07-13 16:51:20,颜颜2011,领取了满199减130元券
【用户领券】,1657702281506,2022-07-13 16:51:21,颜颜2011,领取了满300减200元券
【用户领券】,1657702282906,2022-07-13 16:51:22,颜颜2011,领取了满400减270元券
【用户加入购物车】,1657702294835,2022-07-13 16:51:34,颜颜2011,129号
【用户加入购物车】,1657702460491,2022-07-13 16:54:20,jd_rAgJRQgCEnpI,113号
【用户加入购物车】,1657702465146,2022-07-13 16:54:25,jd_rAgJRQgCEnpI,113号
【主播弹幕】,1657702484430,2022-07-13 16:54:44,主播,1-78号满减券199-130！实付满69整点全屏抽零食！！
【主播弹幕】,1657702486305,2022-07-13 16:54:46,主播,1-78号满减券199-130！实付满69整点全屏抽零食！！
【主播弹幕】,1657702488960,2022-07-13 16:54:48,主播,1-78号满减券199-130！实付满69整点全屏抽零食！！
【用户分享直播间】,1657702495385,2022-07-13 16:54:55,jy01731786
【用户正在购买】,1657702524183,2022-07-13 16:55:24,jd_FeUwmxIIebTq,118号
【实时弹幕】,1657702533210,2022-07-13 16:55:33,jd_SXPXwpdZxIxC,腰果有什么优惠
【用户正在购买】,1657702534286,2022-07-13 16:55:34,jd_tPhZLmmKePwV,130号
【主播推送商品】,1657702555883,2022-07-13 16:55:55,主播,116号
【用户正在购买】,1657702557838,2022-07-13 16:55:57,jd_136180ttz,129号
【用户正在购买】,1657702567064,2022-07-13 16:56:07,jd_139743xgi,105号
【实时弹幕】,1657702597339,2022-07-13 16:56:37,jd_SXPXwpdZxIxC,这是多少份量
【用户正在购买】,1657702604818,2022-07-13 16:56:44,jd_5dfa42c97932d,127号
【主播推送商品】,1657702625420,2022-07-13 16:57:05,主播,86号
【主播推送商品】,1657702638302,2022-07-13 16:57:18,主播,116号
【用户领券】,1657702665087,2022-07-13 16:57:45,jd_tPhZLmmKePwV,领取了满199减130元券
【用户领券】,1657702666247,2022-07-13 16:57:46,jd_tPhZLmmKePwV,领取了满300减200元券
【用户加入购物车】,1657702671816,2022-07-13 16:57:51,jd_tPhZLmmKePwV,130号
【用户关注】,1657702673447,2022-07-13 16:57:53,jd_SXPXwpdZxIxC
【用户关注】,1657702677610,2022-07-13 16:57:57,jd_tPhZLmmKePwV
【用户正在购买】,1657702700683,2022-07-13 16:58:20,jd_tPhZLmmKePwV,129号
【用户领券】,1657702701277,2022-07-13 16:58:21,jd_SXPXwpdZxIxC,领取了满199减130元券
【用户领券】,1657702701344,2022-07-13 16:58:21,xsy守望幸福,领取了满400减270元券
【用户领券】,1657702702285,2022-07-13 16:58:22,jd_SXPXwpdZxIxC,领取了满300减200元券
【用户领券】,1657702702504,2022-07-13 16:58:22,xsy守望幸福,领取了满300减200元券
【用户领券】,1657702703046,2022-07-13 16:58:23,jd_SXPXwpdZxIxC,领取了满400减270元券
【用户领券】,1657702704175,2022-07-13 16:58:24,xsy守望幸福,领取了满199减130元券
【实时弹幕】,1657702745442,2022-07-13 16:59:05,jd_SXPXwpdZxIxC,怎么加会员
【实时弹幕】,1657702907376,2022-07-13 17:01:47,jd_SXPXwpdZxIxC,零食就买百草味
【用户正在购买】,1657702939777,2022-07-13 17:02:19,jd_tPhZLmmKePwV,130号
【用户领券】,1657702947360,2022-07-13 17:02:27,jd_tPhZLmmKePwV,领取了满400减270元券
【用户加入购物车】,1657702948502,2022-07-13 17:02:28,jd_tPhZLmmKePwV,130号
【用户正在购买】,1657702949380,2022-07-13 17:02:29,jd_tPhZLmmKePwV,130号
【实时弹幕】,1657702987100,2022-07-13 17:03:07,jd_SXPXwpdZxIxC,我中奖了吗
【实时弹幕】,1657702996407,2022-07-13 17:03:16,jd_SXPXwpdZxIxC,奖什么
【主播弹幕】,1657703011031,2022-07-13 17:03:31,主播,1-78号满减券199-130！实付满69整点全屏抽零食！！
【主播弹幕】,1657703017649,2022-07-13 17:03:37,主播,1-78号满减券199-130！实付满69整点全屏抽零食！！
【实时弹幕】,1657703021021,2022-07-13 17:03:41,jd_SXPXwpdZxIxC,我还没买
【用户正在购买】,1657703045627,2022-07-13 17:04:05,jd_152126mkc,129号
【实时弹幕】,1657703062152,2022-07-13 17:04:22,jd_SXPXwpdZxIxC,我现在买，刚进来不知道怎么回事
【实时弹幕】,1657703097493,2022-07-13 17:04:57,jd_SXPXwpdZxIxC,奖品什么
【用户正在购买】,1657703100628,2022-07-13 17:05:00,marrymetoyou,129号
【用户正在购买】,1657703113162,2022-07-13 17:05:13,marrymetoyou,128号
【用户正在购买】,1657703125407,2022-07-13 17:05:25,jd_152126mkc,128号
【用户领券】,1657703128666,2022-07-13 17:05:28,marrymetoyou,领取了满199减130元券
【用户加入购物车】,1657703131125,2022-07-13 17:05:31,marrymetoyou,129号
【用户正在购买】,1657703136580,2022-07-13 17:05:36,jd小小风666,127号
【用户正在购买】,1657703182148,2022-07-13 17:06:22,jd_152126mkc,123号
【用户正在购买】,1657703192855,2022-07-13 17:06:32,jd_152126mkc,119号
【用户正在购买】,1657703213510,2022-07-13 17:06:53,jd小小风666,120号
【主播正在讲解】,1657703224517,2022-07-13 17:07:04,主播,73号
【主播弹幕】,1657703224536,2022-07-13 17:07:04,主播,正在讲解73号宝贝
【主播开始讲解】,1657703224696,2022-07-13 17:07:04,主播,73
【用户正在购买】,1657703251042,2022-07-13 17:07:31,jd小小风666,117号
【用户正在购买】,1657703254115,2022-07-13 17:07:34,jd_152126mkc,116号
【用户领券】,1657703265944,2022-07-13 17:07:45,jd_yLbN4fg2z7aMglY,领取了满300减200元券
【用户领券】,1657703268465,2022-07-13 17:07:48,jd_yLbN4fg2z7aMglY,领取了满400减270元券
【用户正在购买】,1657703282883,2022-07-13 17:08:02,jd小小风666,111号
【用户正在购买】,1657703297342,2022-07-13 17:08:17,jd小小风666,110号
【用户正在购买】,1657703323660,2022-07-13 17:08:43,jd小小风666,99号
【主播结束讲解】,1657703342509,2022-07-13 17:09:02,主播,73
【用户正在购买】,1657703384338,2022-07-13 17:09:44,jd小小风666,95号
【用户正在购买】,1657703411542,2022-07-13 17:10:11,jd小小风666,84号
【用户正在购买】,1657703434059,2022-07-13 17:10:34,jd小小风666,82号
【用户正在购买】,1657703455712,2022-07-13 17:10:55,jd小小风666,72号
【用户正在购买】,1657703475632,2022-07-13 17:11:15,jd小小风666,61号
【用户加入购物车】,1657703522397,2022-07-13 17:12:02,jd_152126mkc,112号
【用户正在购买】,1657703527461,2022-07-13 17:12:07,jd小小风666,44号
【用户正在购买】,1657703554173,2022-07-13 17:12:34,jd_155166kyz,129号
【主播推送商品】,1657703561903,2022-07-13 17:12:41,主播,69号
【主播正在讲解】,1657703574259,2022-07-13 17:12:54,主播,69号
【主播开始讲解】,1657703574295,2022-07-13 17:12:54,主播,69
【主播弹幕】,1657703574341,2022-07-13 17:12:54,主播,正在讲解69号宝贝
【用户正在购买】,1657703603171,2022-07-13 17:13:23,jd_136397qvzh,116号
【用户正在购买】,1657703609634,2022-07-13 17:13:29,jd_152126mkc,116号
【用户正在购买】,1657703625255,2022-07-13 17:13:45,jd188106ejo,124号
【用户正在购买】,1657703662387,2022-07-13 17:14:22,王-_-,123号
【主播结束讲解】,1657703665689,2022-07-13 17:14:25,主播,69
【用户正在购买】,1657703719435,2022-07-13 17:15:19,jd_139822gjj,112号
【用户正在购买】,1657703724674,2022-07-13 17:15:24,jd188106ejo,124号
【用户关注】,1657703837422,2022-07-13 17:17:17,阿港不吃鱼
【主播推送商品】,1657703893699,2022-07-13 17:18:13,主播,72号
【主播正在讲解】,1657703906909,2022-07-13 17:18:26,主播,72号
【主播弹幕】,1657703906924,2022-07-13 17:18:26,主播,正在讲解72号宝贝
【主播开始讲解】,1657703906957,2022-07-13 17:18:26,主播,72
【用户正在购买】,1657704008488,2022-07-13 17:20:08,jd_voRIYbHyhBgR,124号
【主播结束讲解】,1657704039867,2022-07-13 17:20:39,主播,72
【用户领券】,1657704105567,2022-07-13 17:21:45,jd_yLbN4fg2z7aMglY,领取了满199减130元券
【用户领券】,1657704149772,2022-07-13 17:22:29,youli0629,领取了满199减130元券
【用户领券】,1657704151679,2022-07-13 17:22:31,youli0629,领取了满300减200元券
【用户正在购买】,1657704159102,2022-07-13 17:22:39,youli0629,129号
【用户正在购买】,1657704165873,2022-07-13 17:22:45,youli0629,127号
【用户正在购买】,1657704185353,2022-07-13 17:23:05,youli0629,126号
【用户正在购买】,1657704216269,2022-07-13 17:23:36,18215682605,123号
【用户正在购买】,1657704269610,2022-07-13 17:24:29,youli0629,130号
【用户正在购买】,1657704280572,2022-07-13 17:24:40,youli0629,129号
【实时弹幕】,1657704281011,2022-07-13 17:24:41,智窗高,哥一直蹲到十二点？🤔
【主播正在讲解】,1657704295639,2022-07-13 17:24:55,主播,71号
【主播弹幕】,1657704295680,2022-07-13 17:24:55,主播,正在讲解71号宝贝
【主播开始讲解】,1657704295682,2022-07-13 17:24:55,主播,71
【用户领券】,1657704305683,2022-07-13 17:25:05,湘儿0312,领取了满199减130元券
【用户领券】,1657704306852,2022-07-13 17:25:06,湘儿0312,领取了满300减200元券
【用户正在购买】,1657704312678,2022-07-13 17:25:12,烈马Bronco,112号
【用户正在购买】,1657704319642,2022-07-13 17:25:19,youli0629,130号
【用户正在购买】,1657704323247,2022-07-13 17:25:23,湘儿0312,121号
【实时弹幕】,1657704325430,2022-07-13 17:25:25,智窗高,那可赚钱了 😎
【用户正在购买】,1657704326309,2022-07-13 17:25:26,youli0629,128号
【用户正在购买】,1657704330635,2022-07-13 17:25:30,湘儿0312,119号
【用户正在购买】,1657704332337,2022-07-13 17:25:32,youli0629,126号
【用户正在购买】,1657704342275,2022-07-13 17:25:42,湘儿0312,114号
【用户正在购买】,1657704350337,2022-07-13 17:25:50,湘儿0312,110号
【主播结束讲解】,1657704399262,2022-07-13 17:26:39,主播,71
【用户正在购买】,1657704401628,2022-07-13 17:26:41,湘儿0312,92号
【用户关注】,1657704411582,2022-07-13 17:26:51,youli0629
【用户正在购买】,1657704420505,2022-07-13 17:27:00,湘儿0312,80号
【用户正在购买】,1657704426492,2022-07-13 17:27:06,湘儿0312,79号
【用户分享直播间】,1657704489702,2022-07-13 17:28:09,jd_5d7f724ff801e
【用户加入购物车】,1657704515832,2022-07-13 17:28:35,youli0629,130号
【用户加入购物车】,1657704520147,2022-07-13 17:28:40,youli0629,129号
【实时弹幕】,1657704530356,2022-07-13 17:28:50,智窗高,脆笋好吃不 🤔
【实时弹幕】,1657704562278,2022-07-13 17:29:22,智窗高,苦不 🤔
【用户正在购买】,1657704602539,2022-07-13 17:30:02,湘儿0312,69号
【用户正在购买】,1657704617349,2022-07-13 17:30:17,湘儿0312,67号
【实时弹幕】,1657704627015,2022-07-13 17:30:27,智窗高,再吃一包，看看苦不苦 😊
【用户正在购买】,1657704630254,2022-07-13 17:30:30,湘儿0312,59号
【用户正在购买】,1657704635108,2022-07-13 17:30:35,jd_NnvtKQhTzBkn,89号
【用户正在购买】,1657704659241,2022-07-13 17:30:59,jd_VHljbyKgNVCx,122号
【用户正在购买】,1657704689141,2022-07-13 17:31:29,湘儿0312,130号
【用户正在购买】,1657704764642,2022-07-13 17:32:44,湘儿0312,119号
【用户正在购买】,1657704767486,2022-07-13 17:32:47,湘儿0312,119号
【用户正在购买】,1657704891037,2022-07-13 17:34:51,南瓜南瓜1,130号
【主播正在讲解】,1657704899317,2022-07-13 17:34:59,主播,68号
【主播弹幕】,1657704899344,2022-07-13 17:34:59,主播,正在讲解68号宝贝
【主播开始讲解】,1657704899349,2022-07-13 17:34:59,主播,68
【用户正在购买】,1657704899650,2022-07-13 17:34:59,南瓜南瓜1,129号
【主播正在讲解】,1657704924783,2022-07-13 17:35:24,主播,68号
【主播弹幕】,1657704924799,2022-07-13 17:35:24,主播,正在讲解68号宝贝
【主播开始讲解】,1657704925847,2022-07-13 17:35:25,主播,68
【主播结束讲解】,1657704984250,2022-07-13 17:36:24,主播,68
【主播结束讲解】,1657704992871,2022-07-13 17:36:32,主播,68
【用户领券】,1657705019179,2022-07-13 17:36:59,jd_705605,领取了满199减130元券
【用户正在购买】,1657705032379,2022-07-13 17:37:12,jd_705605,124号
【实时弹幕】,1657705051754,2022-07-13 17:37:31,智窗高,不瞒你说，我买了包某铺子的脆笋，酸苦辣，我只好送给别人了 😳
【实时弹幕】,1657705064503,2022-07-13 17:37:44,jd_705605,124怎么买划算！
【主播推送商品】,1657705095942,2022-07-13 17:38:15,主播,124号
【主播推送商品】,1657705116649,2022-07-13 17:38:36,主播,124号
【用户加入购物车】,1657705123148,2022-07-13 17:38:43,andrewzou,113号
【主播推送商品】,1657705140652,2022-07-13 17:39:00,主播,124号
【实时弹幕】,1657705171249,2022-07-13 17:39:31,jd_705605,能抽中？
【实时弹幕】,1657705186544,2022-07-13 17:39:46,智窗高,我明天有望降到94啰 😎
【用户加入购物车】,1657705212788,2022-07-13 17:40:12,jd_705605,124号
【用户正在购买】,1657705214891,2022-07-13 17:40:14,jd_705605,124号
【实时弹幕】,1657705216849,2022-07-13 17:40:16,智窗高,昨天95
【实时弹幕】,1657705229232,2022-07-13 17:40:29,智窗高,你搞错了 😏
【实时弹幕】,1657705240172,2022-07-13 17:40:40,jd_705605,那我去拍一份
【用户加入购物车】,1657705257296,2022-07-13 17:40:57,jd_705605,124号
【用户正在购买】,1657705260211,2022-07-13 17:41:00,jd_705605,124号
【实时弹幕】,1657705309827,2022-07-13 17:41:49,jd_705605,已拍
【实时弹幕】,1657705310595,2022-07-13 17:41:50,智窗高,这位哥，你再搭个面包，就包邮了 😇
【实时弹幕】,1657705332284,2022-07-13 17:42:12,jd_705605,等着抽奖
【用户领券】,1657705366445,2022-07-13 17:42:46,锦鲤中锦鲤,领取了满199减130元券
【用户领券】,1657705371186,2022-07-13 17:42:51,锦鲤中锦鲤,领取了满300减200元券
【用户领券】,1657705373954,2022-07-13 17:42:53,锦鲤中锦鲤,领取了满400减270元券
【用户正在购买】,1657705388539,2022-07-13 17:43:08,锦鲤中锦鲤,128号
【实时弹幕】,1657705388805,2022-07-13 17:43:08,jd_705605,79也包邮了
【实时弹幕】,1657705403706,2022-07-13 17:43:23,智窗高,我懂了，他是普辣丝，有运费券 🤔
【用户关注】,1657705420256,2022-07-13 17:43:40,jd_705605
【用户加入购物车】,1657705446192,2022-07-13 17:44:06,锦鲤中锦鲤,130号
【用户关注】,1657705457598,2022-07-13 17:44:17,顺昌雕刻
【用户加入购物车】,1657705482136,2022-07-13 17:44:42,顺昌雕刻,97号
【用户正在购买】,1657705535082,2022-07-13 17:45:35,jd_ABVNLNwkdRJL,128号
【用户正在购买】,1657705535996,2022-07-13 17:45:35,南部发展,130号
【实时弹幕】,1657705546225,2022-07-13 17:45:46,jd_705605,常吃三只松鼠：也试试你们家的产品：还有啥好吃的？
【实时弹幕】,1657705563829,2022-07-13 17:46:03,jd_705605,推荐一下
【实时弹幕】,1657705576070,2022-07-13 17:46:16,jd_705605,女士
【实时弹幕】,1657705589899,2022-07-13 17:46:29,jd_705605,不吃肉
【主播推送商品】,1657705593792,2022-07-13 17:46:33,主播,127号
【主播推送商品】,1657705597389,2022-07-13 17:46:37,主播,127号
【主播推送商品】,1657705603810,2022-07-13 17:46:43,主播,121号
【主播推送商品】,1657705607963,2022-07-13 17:46:47,主播,121号
【用户正在购买】,1657705613802,2022-07-13 17:46:53,jd_705605,121号
【用户正在购买】,1657705620543,2022-07-13 17:47:00,南部发展,130号
【实时弹幕】,1657705628342,2022-07-13 17:47:08,智窗高,我也是鼠粉。这边的海苔肉松蛋卷那边好像没有 😊
【主播推送商品】,1657705668482,2022-07-13 17:47:48,主播,45号
【主播推送商品】,1657705709879,2022-07-13 17:48:29,主播,107号
【用户正在购买】,1657705712382,2022-07-13 17:48:32,jd_705605,112号
【用户正在购买】,1657705721686,2022-07-13 17:48:41,jd_705605,107号
【用户正在购买】,1657705725178,2022-07-13 17:48:45,jd_ABVNLNwkdRJL,109号
【主播推送商品】,1657705727589,2022-07-13 17:48:47,主播,107号
【用户加入购物车】,1657705734794,2022-07-13 17:48:54,jd_ABVNLNwkdRJL,109号
【用户正在购买】,1657705736433,2022-07-13 17:48:56,jd_ABVNLNwkdRJL,109号
【用户正在购买】,1657705740956,2022-07-13 17:49:00,合川qijian,113号
【主播推送商品】,1657705752190,2022-07-13 17:49:12,主播,107号
【实时弹幕】,1657705762238,2022-07-13 17:49:22,智窗高,看来哥并不关注对手家的产品 😅
【实时弹幕】,1657705821583,2022-07-13 17:50:21,智窗高,你推的这几款那边都有 🤪
【主播弹幕】,1657705863445,2022-07-13 17:51:03,主播,1-78号满减券199-130！实付满69整点全屏抽零食！！
【主播弹幕】,1657705865177,2022-07-13 17:51:05,主播,1-78号满减券199-130！实付满69整点全屏抽零食！！
【实时弹幕】,1657705877467,2022-07-13 17:51:17,智窗高,在我看来海苔肉松蛋卷是你家的特色 👍🏼
【实时弹幕】,1657705948560,2022-07-13 17:52:28,jd_158843bbg,藕粉有没有送杯子
【用户正在购买】,1657705953331,2022-07-13 17:52:33,jd_705605,44号
【用户正在购买】,1657706018099,2022-07-13 17:53:38,liwl06031716,130号
【主播弹幕】,1657706048107,2022-07-13 17:54:08,主播,1-78号满减券199-130！实付满69整点全屏抽零食！！
【用户正在购买】,1657706051234,2022-07-13 17:54:11,liwl06031716,129号
【主播弹幕】,1657706063557,2022-07-13 17:54:23,主播,1-78号满减券199-130！实付满69整点全屏抽零食！！
【主播弹幕】,1657706064967,2022-07-13 17:54:24,主播,1-78号满减券199-130！实付满69整点全屏抽零食！！
【用户正在购买】,1657706145510,2022-07-13 17:55:45,mygua,130号
【用户正在购买】,1657706202928,2022-07-13 17:56:42,adsl_sds,105号
【用户正在购买】,1657706246297,2022-07-13 17:57:26,adsl_sds,105号
【用户正在购买】,1657706365869,2022-07-13 17:59:25,jd_139192spv,129号
【用户正在购买】,1657706387299,2022-07-13 17:59:47,COKahTPAFwPa,129号
【主播弹幕】,1657706391915,2022-07-13 17:59:51,主播,1-78号满减券199-130！实付满69整点全屏抽零食！！
【用户领券】,1657706395614,2022-07-13 17:59:55,jd_4ccc7b4e112b2,领取了满199减130元券
【用户领券】,1657706397145,2022-07-13 17:59:57,jd_4ccc7b4e112b2,领取了满300减200元券
【用户领券】,1657706398076,2022-07-13 17:59:58,jd_4ccc7b4e112b2,领取了满400减270元券
【用户正在购买】,1657706398996,2022-07-13 17:59:58,jd_136480hxk,93号
【用户加入购物车】,1657706407589,2022-07-13 18:00:07,jd_4ccc7b4e112b2,101号
【用户加入购物车】,1657706410229,2022-07-13 18:00:10,jd_4ccc7b4e112b2,101号
【用户正在购买】,1657706412520,2022-07-13 18:00:12,jd_4ccc7b4e112b2,130号
【实时弹幕】,1657706424921,2022-07-13 18:00:24,jd_705605,零食就买百草味
【用户正在购买】,1657706429564,2022-07-13 18:00:29,jd_4ccc7b4e112b2,127号
【用户正在购买】,1657706434578,2022-07-13 18:00:34,jd_4ccc7b4e112b2,126号
【实时弹幕】,1657706451582,2022-07-13 18:00:51,jd_705605,零食就买百草味
【用户加入购物车】,1657706493687,2022-07-13 18:01:33,jd_4ccc7b4e112b2,130号
【实时弹幕】,1657706494546,2022-07-13 18:01:34,jd_705605,这么容易？
【用户加入购物车】,1657706505398,2022-07-13 18:01:45,jd_4ccc7b4e112b2,127号
【用户加入购物车】,1657706506100,2022-07-13 18:01:46,jd_4ccc7b4e112b2,126号
【用户加入购物车】,1657706508123,2022-07-13 18:01:48,jd_4ccc7b4e112b2,126号
【实时弹幕】,1657706508844,2022-07-13 18:01:48,jd_705605,好的：，谢谢你
【用户正在购买】,1657706522835,2022-07-13 18:02:02,jd_705605,124号
【用户分享直播间】,1657706795204,2022-07-13 18:06:35,xiaoma3000
【用户领券】,1657706833432,2022-07-13 18:07:13,谢豫东,领取了满199减130元券
【用户领券】,1657706841159,2022-07-13 18:07:21,谢豫东,领取了满300减200元券
【用户领券】,1657706844180,2022-07-13 18:07:24,谢豫东,领取了满400减270元券
【用户正在购买】,1657706867311,2022-07-13 18:07:47,谢豫东,129号
【用户加入购物车】,1657706888111,2022-07-13 18:08:08,谢豫东,129号
【用户加入购物车】,1657706889463,2022-07-13 18:08:09,谢豫东,129号
【用户加入购物车】,1657706893712,2022-07-13 18:08:13,谢豫东,129号
【用户进入店铺】,1657706942546,2022-07-13 18:09:02,谢豫东,1000003685
【用户领券】,1657707110809,2022-07-13 18:11:50,hua哥001,
【用户领券】,1657707111877,2022-07-13 18:11:51,hua哥001,
【用户领券】,1657707113985,2022-07-13 18:11:53,hua哥001,
【用户正在购买】,1657707119674,2022-07-13 18:11:59,hua哥001,126号
【实时弹幕】,1657707203920,2022-07-13 18:13:23,jd_79a8ba7ba6203,我想看下126
【实时弹幕】,1657707208699,2022-07-13 18:13:28,jd_79a8ba7ba6203,126
【主播推送商品】,1657707217041,2022-07-13 18:13:37,主播,126号
【用户关注】,1657707218130,2022-07-13 18:13:38,yipeng520chenzhen
【用户加入购物车】,1657707233291,2022-07-13 18:13:53,yipeng520chenzhen,113号
【实时弹幕】,1657707233554,2022-07-13 18:13:53,jd_79a8ba7ba6203,126那个超三斤装。
【用户正在购买】,1657707236336,2022-07-13 18:13:56,yipeng520chenzhen,113号
【实时弹幕】,1657707240590,2022-07-13 18:14:00,jd_79a8ba7ba6203,126那个超三斤装。
【实时弹幕】,1657707329991,2022-07-13 18:15:29,jd_79a8ba7ba6203,这款礼盒是哪个？
【主播推送商品】,1657707334764,2022-07-13 18:15:34,主播,126号
【用户分享直播间】,1657707335322,2022-07-13 18:15:35,暖洋洋1723
【实时弹幕】,1657707376628,2022-07-13 18:16:16,jd_79a8ba7ba6203,好的好的，谢谢。
【用户分享直播间】,1657707421341,2022-07-13 18:17:01,jd_uzWftKWhKbWY
【主播弹幕】,1657707452474,2022-07-13 18:17:32,主播,1-78号满减券199-130！实付满69整点全屏抽零食！！
【主播弹幕】,1657707481437,2022-07-13 18:18:01,主播,1-78号满减券199-130！实付满69整点全屏抽零食！！
【主播正在讲解】,1657707598405,2022-07-13 18:19:58,主播,63号
【主播弹幕】,1657707598421,2022-07-13 18:19:58,主播,正在讲解63号宝贝
【主播开始讲解】,1657707598432,2022-07-13 18:19:58,主播,63
【主播结束讲解】,1657707680919,2022-07-13 18:21:20,主播,63
【实时弹幕】,1657707849663,2022-07-13 18:24:09,u_g7cj8jab8qfy,有菠萝干之类的吗？
【用户正在购买】,1657707873615,2022-07-13 18:24:33,jd_MUgyaUifYeGC,89号
【主播推送商品】,1657707903461,2022-07-13 18:25:03,主播,30号
【用户正在购买】,1657707910451,2022-07-13 18:25:10,u_g7cj8jab8qfy,30号
【主播推送商品】,1657707919477,2022-07-13 18:25:19,主播,30号
【用户正在购买】,1657707923376,2022-07-13 18:25:23,u_g7cj8jab8qfy,30号
【主播推送商品】,1657707949026,2022-07-13 18:25:49,主播,30号
【主播推送商品】,1657707952057,2022-07-13 18:25:52,主播,55号
【主播推送商品】,1657707958331,2022-07-13 18:25:58,主播,30号
【主播弹幕】,1657707975440,2022-07-13 18:26:15,主播,1-78号满减券199-130！实付满69整点全屏抽零食！！
【主播推送商品】,1657707989892,2022-07-13 18:26:29,主播,48号
【主播正在讲解】,1657707997330,2022-07-13 18:26:37,主播,48号
【主播弹幕】,1657707997348,2022-07-13 18:26:37,主播,正在讲解48号宝贝
【主播开始讲解】,1657707997547,2022-07-13 18:26:37,主播,48
【用户正在购买】,1657708053863,2022-07-13 18:27:33,今天天气真好啦啦啦,128号
【用户正在购买】,1657708086067,2022-07-13 18:28:06,今天天气真好啦啦啦,125号
【主播结束讲解】,1657708138288,2022-07-13 18:28:58,主播,48
【用户正在购买】,1657708157055,2022-07-13 18:29:17,jd_7fff7715a4b72,130号
【用户正在购买】,1657708161031,2022-07-13 18:29:21,jd_7fff7715a4b72,127号
【用户正在购买】,1657708182413,2022-07-13 18:29:42,u_g7cj8jab8qfy,76号
【用户正在购买】,1657708187386,2022-07-13 18:29:47,u_g7cj8jab8qfy,76号
【用户正在购买】,1657708249458,2022-07-13 18:30:49,u_g7cj8jab8qfy,86号
【用户关注】,1657708310498,2022-07-13 18:31:50,u_g7cj8jab8qfy
【主播正在讲解】,1657708460316,2022-07-13 18:34:20,主播,47号
【主播弹幕】,1657708460358,2022-07-13 18:34:20,主播,正在讲解47号宝贝
【主播开始讲解】,1657708460386,2022-07-13 18:34:20,主播,47
【用户正在购买】,1657708541601,2022-07-13 18:35:41,u_bj6q1ri1w5dw,130号
【主播结束讲解】,1657708570916,2022-07-13 18:36:10,主播,47
【用户正在购买】,1657708612650,2022-07-13 18:36:52,u_cyjrqlo5p6gk,124号
【用户正在购买】,1657708638759,2022-07-13 18:37:18,u_cyjrqlo5p6gk,05号
【用户领券】,1657708691135,2022-07-13 18:38:11,Provence巴黎蓝调,领取了满199减130元券
【用户正在购买】,1657708700428,2022-07-13 18:38:20,u_bj6q1ri1w5dw,129号
【用户分享直播间】,1657708961536,2022-07-13 18:42:41,mNaXLSpWxXEi
【用户领券】,1657709003478,2022-07-13 18:43:23,jd_158592vxk,领取了满199减130元券
【用户领券】,1657709024565,2022-07-13 18:43:44,jd_158592vxk,领取了满300减200元券
【用户领券】,1657709123627,2022-07-13 18:45:23,u_z9uxrblkplca,领取了满300减200元券
【用户正在购买】,1657709140871,2022-07-13 18:45:40,jd_5b8ad4afb5935,79号
【用户正在购买】,1657709142020,2022-07-13 18:45:42,mXhAWovgomlg,125号
【用户加入购物车】,1657709156943,2022-07-13 18:45:56,u_z9uxrblkplca,94号
【用户加入购物车】,1657709165173,2022-07-13 18:46:05,u_z9uxrblkplca,90号
【用户正在购买】,1657709207696,2022-07-13 18:46:47,mXhAWovgomlg,80号
【用户正在购买】,1657709262434,2022-07-13 18:47:42,jd_ezyiKcMvvUuG,129号
【用户正在购买】,1657709295346,2022-07-13 18:48:15,jd_ezyiKcMvvUuG,129号
【主播开始讲解】,1657709304489,2022-07-13 18:48:24,主播,45
【主播正在讲解】,1657709304493,2022-07-13 18:48:24,主播,45号
【主播弹幕】,1657709304510,2022-07-13 18:48:24,主播,正在讲解45号宝贝
【主播结束讲解】,1657709391048,2022-07-13 18:49:51,主播,45
【用户正在购买】,1657709573697,2022-07-13 18:52:53,jd_RNILDWmOOHoH,105号
【用户分享直播间】,1657709600851,2022-07-13 18:53:20,jd_5322a167531f5
【用户正在购买】,1657709695757,2022-07-13 18:54:55,mXhAWovgomlg,80号
【用户正在购买】,1657709699912,2022-07-13 18:54:59,jd_myfei012,98号
【用户正在购买】,1657709709786,2022-07-13 18:55:09,mXhAWovgomlg,79号
【主播弹幕】,1657709755585,2022-07-13 18:55:55,主播,零食就买百草味
【用户正在购买】,1657709790214,2022-07-13 18:56:30,green0929,98号
【用户正在购买】,1657709849776,2022-07-13 18:57:29,千江有水hhh,41号
【用户领券】,1657709886042,2022-07-13 18:58:06,jdhu1986,领取了满400减270元券
【用户领券】,1657709886837,2022-07-13 18:58:06,jdhu1986,领取了满300减200元券
【用户领券】,1657709889882,2022-07-13 18:58:09,jdhu1986,领取了满199减130元券
【用户加入购物车】,1657709891891,2022-07-13 18:58:11,jdhu1986,74号
【用户加入购物车】,1657709910230,2022-07-13 18:58:30,jdhu1986,100号
【实时弹幕】,1657709924508,2022-07-13 18:58:44,jd_137186klka,又便宜些的面包吗
【主播推送商品】,1657709939684,2022-07-13 18:58:59,主播,113号
【用户正在购买】,1657709950946,2022-07-13 18:59:10,jd_137186klka,113号
【主播推送商品】,1657709962675,2022-07-13 18:59:22,主播,113号
【实时弹幕】,1657709981464,2022-07-13 18:59:41,jd_137186klka,好吃吗
【用户正在购买】,1657710131118,2022-07-13 19:02:11,u_in9mv8cwhr1h,130号
【用户加入购物车】,1657710273844,2022-07-13 19:04:33,u_g7cj8jab8qfy,30号
【用户正在购买】,1657710355192,2022-07-13 19:05:55,李沐宝贝的妈妈,113号
【用户正在购买】,1657710409923,2022-07-13 19:06:49,jd_135267tik,112号
【用户正在购买】,1657710450815,2022-07-13 19:07:30,u_g7cj8jab8qfy,70号
【主播正在讲解】,1657710505153,2022-07-13 19:08:25,主播,82号
【主播弹幕】,1657710505169,2022-07-13 19:08:25,主播,正在讲解82号宝贝
【主播开始讲解】,1657710507163,2022-07-13 19:08:27,主播,82
【用户加入购物车】,1657710563842,2022-07-13 19:09:23,u_g7cj8jab8qfy,18号
【用户正在购买】,1657710579533,2022-07-13 19:09:39,u_g7cj8jab8qfy,04号
【用户加入购物车】,1657710588602,2022-07-13 19:09:48,u_g7cj8jab8qfy,04号
【主播推送商品】,1657710589242,2022-07-13 19:09:49,主播,82号
【用户正在购买】,1657710599737,2022-07-13 19:09:59,yc-才哥,94号
【用户正在购买】,1657710602316,2022-07-13 19:10:02,u_g7cj8jab8qfy,05号
【主播推送商品】,1657710611121,2022-07-13 19:10:11,主播,82号
【用户加入购物车】,1657710617149,2022-07-13 19:10:17,u_g7cj8jab8qfy,05号
【用户正在购买】,1657710620223,2022-07-13 19:10:20,u_g7cj8jab8qfy,07号
【主播推送商品】,1657710626097,2022-07-13 19:10:26,主播,82号
【用户正在购买】,1657710628795,2022-07-13 19:10:28,u_g7cj8jab8qfy,08号
【主播结束讲解】,1657710632617,2022-07-13 19:10:32,主播,82
【用户加入购物车】,1657710637637,2022-07-13 19:10:37,u_g7cj8jab8qfy,08号
【用户加入购物车】,1657710643062,2022-07-13 19:10:43,u_g7cj8jab8qfy,09号
【用户正在购买】,1657710774228,2022-07-13 19:12:54,jd_60e5f56e6549d,105号
【主播正在讲解】,1657710942726,2022-07-13 19:15:42,主播,70号
【主播弹幕】,1657710942740,2022-07-13 19:15:42,主播,正在讲解70号宝贝
【主播开始讲解】,1657710942751,2022-07-13 19:15:42,主播,70
【用户领券】,1657710954319,2022-07-13 19:15:54,u_g7cj8jab8qfy,
【主播推送商品】,1657710996825,2022-07-13 19:16:36,主播,70号
【主播推送商品】,1657711013800,2022-07-13 19:16:53,主播,70号
【用户正在购买】,1657711023536,2022-07-13 19:17:03,jQlWFnoZVyQN,125号
【主播推送商品】,1657711024143,2022-07-13 19:17:04,主播,70号
【用户正在购买】,1657711064031,2022-07-13 19:17:44,father__-,94号
【用户正在购买】,1657711074910,2022-07-13 19:17:54,u_g7cj8jab8qfy,28号
【主播结束讲解】,1657711080096,2022-07-13 19:18:00,主播,70
【用户正在购买】,1657711092809,2022-07-13 19:18:12,u_g7cj8jab8qfy,27号
【用户正在购买】,1657711109081,2022-07-13 19:18:29,二狗就是我呀,98号
【主播开始讲解】,1657711255344,2022-07-13 19:20:55,主播,67
【主播正在讲解】,1657711255349,2022-07-13 19:20:55,主播,67号
【主播弹幕】,1657711255367,2022-07-13 19:20:55,主播,正在讲解67号宝贝
【用户正在购买】,1657711267527,2022-07-13 19:21:07,jd_159523fxs,105号
【用户分享直播间】,1657711299748,2022-07-13 19:21:39,jd_trlLWdfIyHsy
【主播结束讲解】,1657711365046,2022-07-13 19:22:45,主播,67
【主播正在讲解】,1657711571985,2022-07-13 19:26:11,主播,64号
【主播弹幕】,1657711572000,2022-07-13 19:26:12,主播,正在讲解64号宝贝
【主播开始讲解】,1657711572043,2022-07-13 19:26:12,主播,64
【用户分享直播间】,1657711609621,2022-07-13 19:26:49,阿小貌子
【主播推送商品】,1657711666893,2022-07-13 19:27:46,主播,64号
【主播结束讲解】,1657711668402,2022-07-13 19:27:48,主播,64
【用户领券】,1657711716645,2022-07-13 19:28:36,jd_60e5f56e6549d,领取了满199减130元券
【用户正在购买】,1657711719518,2022-07-13 19:28:39,jd_60e5f56e6549d,105号
【用户正在购买】,1657711729059,2022-07-13 19:28:49,非同寻常6442,106号
【实时弹幕】,1657711737010,2022-07-13 19:28:57,智窗高,我发现一个问题 🤔
【用户正在购买】,1657711741259,2022-07-13 19:29:01,jd_60e5f56e6549d,130号
【用户正在购买】,1657711759152,2022-07-13 19:29:19,jd_60e5f56e6549d,105号
【用户正在购买】,1657711766119,2022-07-13 19:29:26,非同寻常6442,25号
【用户正在购买】,1657711766418,2022-07-13 19:29:26,非同寻常6442,25号
【实时弹幕】,1657711770183,2022-07-13 19:29:30,智窗高,不告诉你 😎
【主播开始讲解】,1657711779194,2022-07-13 19:29:39,主播,61
【主播正在讲解】,1657711779193,2022-07-13 19:29:39,主播,61号
【主播弹幕】,1657711779243,2022-07-13 19:29:39,主播,正在讲解61号宝贝
【实时弹幕】,1657711790563,2022-07-13 19:29:50,智窗高,😄
【主播结束讲解】,1657711898281,2022-07-13 19:31:38,主播,61
【实时弹幕】,1657711918442,2022-07-13 19:31:58,智窗高,大笨笨 😄
【主播正在讲解】,1657711942645,2022-07-13 19:32:22,主播,61号
【主播弹幕】,1657711942658,2022-07-13 19:32:22,主播,正在讲解61号宝贝
【主播开始讲解】,1657711942683,2022-07-13 19:32:22,主播,61
【主播推送商品】,1657712020664,2022-07-13 19:33:40,主播,61号
【主播结束讲解】,1657712043512,2022-07-13 19:34:03,主播,61
【用户正在购买】,1657712062066,2022-07-13 19:34:22,茉莉532,100号
【用户领券】,1657712082875,2022-07-13 19:34:42,jd_4e84153ce1ea4,领取了满400减270元券
【用户正在购买】,1657712092800,2022-07-13 19:34:52,jd_4e84153ce1ea4,Top
【用户正在购买】,1657712103205,2022-07-13 19:35:03,jd_4e84153ce1ea4,Top
【用户正在购买】,1657712120515,2022-07-13 19:35:20,jd_4e84153ce1ea4,128号
【用户加入购物车】,1657712126714,2022-07-13 19:35:26,jd_4e84153ce1ea4,128号
【主播正在讲解】,1657712147593,2022-07-13 19:35:47,主播,64号
【主播弹幕】,1657712147667,2022-07-13 19:35:47,主播,正在讲解64号宝贝
【主播开始讲解】,1657712147689,2022-07-13 19:35:47,主播,64
【主播推送商品】,1657712201026,2022-07-13 19:36:41,主播,64号
【主播推送商品】,1657712214242,2022-07-13 19:36:54,主播,64号
【主播推送商品】,1657712242832,2022-07-13 19:37:22,主播,64号
【主播结束讲解】,1657712246336,2022-07-13 19:37:26,主播,64
【主播正在讲解】,1657712433698,2022-07-13 19:40:33,主播,56号
【主播开始讲解】,1657712433697,2022-07-13 19:40:33,主播,56
【主播弹幕】,1657712433715,2022-07-13 19:40:33,主播,正在讲解56号宝贝
【用户领券】,1657712440538,2022-07-13 19:40:40,jd_139519vku,领取了满199减130元券
【用户正在购买】,1657712450890,2022-07-13 19:40:50,jd_139519vku,56号
【用户进入店铺】,1657712476600,2022-07-13 19:41:16,jd_188141wdc,1000003685
【用户正在购买】,1657712495117,2022-07-13 19:41:35,西西buying,104号
【主播推送商品】,1657712514236,2022-07-13 19:41:54,主播,56号
【用户加入购物车】,1657712518283,2022-07-13 19:41:58,QxfDDoSQWkqp,Top
【用户正在购买】,1657712528584,2022-07-13 19:42:08,QxfDDoSQWkqp,130号
【用户正在购买】,1657712541394,2022-07-13 19:42:21,QxfDDoSQWkqp,129号
【用户领券】,1657712544266,2022-07-13 19:42:24,西西buying,领取了一张优惠券
【主播推送商品】,1657712568858,2022-07-13 19:42:48,主播,56号
【用户加入购物车】,1657712569101,2022-07-13 19:42:49,西西buying,104号
【用户加入购物车】,1657712570899,2022-07-13 19:42:50,西西buying,104号
【用户加入购物车】,1657712571339,2022-07-13 19:42:51,西西buying,104号
【用户加入购物车】,1657712571531,2022-07-13 19:42:51,西西buying,104号
【用户加入购物车】,1657712571781,2022-07-13 19:42:51,西西buying,104号
【用户加入购物车】,1657712572000,2022-07-13 19:42:52,西西buying,104号
【主播结束讲解】,1657712572122,2022-07-13 19:42:52,主播,56
【用户加入购物车】,1657712572216,2022-07-13 19:42:52,西西buying,104号
【用户加入购物车】,1657712572388,2022-07-13 19:42:52,西西buying,104号
【用户加入购物车】,1657712600111,2022-07-13 19:43:20,u_r5zdbi831a1g,113号
【用户正在购买】,1657712604550,2022-07-13 19:43:24,QxfDDoSQWkqp,130号
【用户领券】,1657712605690,2022-07-13 19:43:25,u_r5zdbi831a1g,领取了满199减130元券
【用户加入购物车】,1657712608328,2022-07-13 19:43:28,u_r5zdbi831a1g,113号
【用户加入购物车】,1657712609088,2022-07-13 19:43:29,u_r5zdbi831a1g,113号
【用户加入购物车】,1657712609667,2022-07-13 19:43:29,u_r5zdbi831a1g,113号
【用户加入购物车】,1657712610578,2022-07-13 19:43:30,u_r5zdbi831a1g,113号
【用户关注】,1657712633480,2022-07-13 19:43:53,jd_136243srd
【用户分享直播间】,1657712637399,2022-07-13 19:43:57,jd133110hqw
【用户正在购买】,1657712639621,2022-07-13 19:43:59,西西buying,104号
【用户正在购买】,1657712679590,2022-07-13 19:44:39,jd_136243srd,Top
【用户正在购买】,1657712690065,2022-07-13 19:44:50,jd_136243srd,130号
【用户正在购买】,1657712711450,2022-07-13 19:45:11,jd_7eefbe0cef8c0,81号
【用户正在购买】,1657712719383,2022-07-13 19:45:19,151*****800张,89号
【主播正在讲解】,1657712773172,2022-07-13 19:46:13,主播,55号
【主播弹幕】,1657712773183,2022-07-13 19:46:13,主播,正在讲解55号宝贝
【主播开始讲解】,1657712773199,2022-07-13 19:46:13,主播,55
【用户分享直播间】,1657712846959,2022-07-13 19:47:26,jd_192374157
【用户正在购买】,1657712859400,2022-07-13 19:47:39,jd_189824wcn,Top
【主播推送商品】,1657712887406,2022-07-13 19:48:07,主播,55号
【主播结束讲解】,1657712902081,2022-07-13 19:48:22,主播,55
【用户领券】,1657712971069,2022-07-13 19:49:31,jd_189824wcn,领取了一张优惠券
【用户正在购买】,1657713007892,2022-07-13 19:50:07,jd_443c4c8d1334a,116号
【实时弹幕】,1657713063326,2022-07-13 19:51:03,jd_189824wcn,抽零食是啥 怎么抽
【用户正在购买】,1657713067776,2022-07-13 19:51:07,jd_139898sbk,126号
【用户正在购买】,1657713086549,2022-07-13 19:51:26,jd_139898sbk,120号
【用户正在购买】,1657713099436,2022-07-13 19:51:39,jd_139898sbk,120号
【用户加入购物车】,1657713115594,2022-07-13 19:51:55,jd_139898sbk,120号
【用户正在购买】,1657713130514,2022-07-13 19:52:10,jd_lSIDwVUfKpEL,16号
【用户正在购买】,1657713134731,2022-07-13 19:52:14,jd_lSIDwVUfKpEL,16号
【用户正在购买】,1657713157344,2022-07-13 19:52:37,jd_lSIDwVUfKpEL,59号
【用户加入购物车】,1657713184806,2022-07-13 19:53:04,jd_lSIDwVUfKpEL,109号
【用户加入购物车】,1657713186265,2022-07-13 19:53:06,jd_lSIDwVUfKpEL,109号
【用户领券】,1657713190950,2022-07-13 19:53:10,jd_lSIDwVUfKpEL,领取了满199减130元券
【实时弹幕】,1657713217124,2022-07-13 19:53:37,jd_189824wcn,没有在直播间拍的产品可以抽奖吗
【用户正在购买】,1657713219825,2022-07-13 19:53:39,jd_lSIDwVUfKpEL,118号
【用户正在购买】,1657713223117,2022-07-13 19:53:43,jd_lSIDwVUfKpEL,118号
【用户加入购物车】,1657713245521,2022-07-13 19:54:05,jd_lSIDwVUfKpEL,118号
【用户正在购买】,1657713254255,2022-07-13 19:54:14,jd_lSIDwVUfKpEL,116号
【用户加入购物车】,1657713259943,2022-07-13 19:54:19,jd_lSIDwVUfKpEL,116号
【用户正在购买】,1657713263715,2022-07-13 19:54:23,jd_lSIDwVUfKpEL,115号
【用户正在购买】,1657713264723,2022-07-13 19:54:24,萌萌shemj,81号
【实时弹幕】,1657713270844,2022-07-13 19:54:30,智窗高,姐，泡椒竹笋苦不苦 🤔
【实时弹幕】,1657713284473,2022-07-13 19:54:44,jd_189824wcn,不要礼盒 因为不能吃 我要能吃的😄
【用户正在购买】,1657713291453,2022-07-13 19:54:51,jd_lSIDwVUfKpEL,118号
【实时弹幕】,1657713305638,2022-07-13 19:55:05,智窗高,另一家的苦得不要不要的 😳
【用户正在购买】,1657713309217,2022-07-13 19:55:09,jd_lSIDwVUfKpEL,113号
【用户加入购物车】,1657713315543,2022-07-13 19:55:15,jd_lSIDwVUfKpEL,113号
【用户正在购买】,1657713321694,2022-07-13 19:55:21,jd_lSIDwVUfKpEL,108号
【用户加入购物车】,1657713329566,2022-07-13 19:55:29,jd_lSIDwVUfKpEL,108号
【用户加入购物车】,1657713339430,2022-07-13 19:55:39,jd_lSIDwVUfKpEL,96号
【实时弹幕】,1657713343304,2022-07-13 19:55:43,jd_189824wcn,那我去拍了 好抽奖 又🉐️吃的😄
【用户正在购买】,1657713349066,2022-07-13 19:55:49,jd_lSIDwVUfKpEL,88号
【用户加入购物车】,1657713384711,2022-07-13 19:56:24,jd_lSIDwVUfKpEL,65号
【实时弹幕】,1657713425981,2022-07-13 19:57:05,智窗高,我爱吃你家的海苔肉松蛋卷、每日纯坚果 😎
【用户领券】,1657713468943,2022-07-13 19:57:48,jd_lSIDwVUfKpEL,领取了满300减200元券
【用户领券】,1657713472038,2022-07-13 19:57:52,jd_lSIDwVUfKpEL,领取了满400减270元券
【实时弹幕】,1657713500169,2022-07-13 19:58:20,智窗高,谢谢姐的推荐 😇
【实时弹幕】,1657713520586,2022-07-13 19:58:40,jd_189824wcn,结算159可以抽奖吗
【实时弹幕】,1657713523631,2022-07-13 19:58:43,智窗高,😅
【主播推送商品】,1657713571931,2022-07-13 19:59:31,主播,104号
【用户加入购物车】,1657713599310,2022-07-13 19:59:59,omgsyyr163,28号
【实时弹幕】,1657713603167,2022-07-13 20:00:03,jd_189824wcn,等我抽奖哈哈哈哈哈😂
【用户正在购买】,1657713603593,2022-07-13 20:00:03,omgsyyr163,Top
【用户正在购买】,1657713609143,2022-07-13 20:00:09,omgsyyr163,129号
【主播推送商品】,1657713629680,2022-07-13 20:00:29,主播,104号
【用户正在购买】,1657713634736,2022-07-13 20:00:34,jd_189824wcn,104号
【用户加入购物车】,1657713636935,2022-07-13 20:00:36,ky006600,130号
【用户加入购物车】,1657713649398,2022-07-13 20:00:49,ky006600,129号
【用户关注】,1657713761562,2022-07-13 20:02:41,jd_151310uvn
【主播推送商品】,1657713776242,2022-07-13 20:02:56,主播,Top
【用户分享直播间】,1657713862766,2022-07-13 20:04:22,公主008
【用户正在购买】,1657713863326,2022-07-13 20:04:23,jd_151289emz,108号
【主播推送商品】,1657713934530,2022-07-13 20:05:34,主播,Top
【实时弹幕】,1657714001772,2022-07-13 20:06:41,jd_189824wcn,已付款
【实时弹幕】,1657714049173,2022-07-13 20:07:29,jd_189824wcn,关注百草味
【实时弹幕】,1657714068610,2022-07-13 20:07:48,jd_189824wcn,早就关注了
【用户分享直播间】,1657714071827,2022-07-13 20:07:51,shirly66
【用户分享直播间】,1657714095545,2022-07-13 20:08:15,shirly66
【实时弹幕】,1657714123408,2022-07-13 20:08:43,jd_189824wcn,打人工
【用户加入购物车】,1657714126690,2022-07-13 20:08:46,wangmeina2016,125号
【用户正在购买】,1657714132520,2022-07-13 20:08:52,wangmeina2016,124号
【实时弹幕】,1657714165223,2022-07-13 20:09:25,jd_189824wcn,哈哈哈😄
【用户正在购买】,1657714474120,2022-07-13 20:14:34,塞北玫瑰不开,129号
【用户正在购买】,1657714545424,2022-07-13 20:15:45,jd_XWi0Uva14DXY72u,98号
【用户正在购买】,1657714550420,2022-07-13 20:15:50,jd_XWi0Uva14DXY72u,98号
【用户正在购买】,1657714625777,2022-07-13 20:17:05,Eiliyer,105号
【用户正在购买】,1657714747568,2022-07-13 20:19:07,小可爱的可爱嘞,105号
【用户正在购买】,1657714847306,2022-07-13 20:20:47,jd_984572707,90号
【用户正在购买】,1657714911455,2022-07-13 20:21:51,jd_984572707,90号
【用户领券】,1657714986461,2022-07-13 20:23:06,jd_136982qrk,领取了满300减200元券
【用户领券】,1657714988183,2022-07-13 20:23:08,jd_136982qrk,领取了满199减130元券
【用户领券】,1657714989124,2022-07-13 20:23:09,jd_136982qrk,领取了满400减270元券
【用户正在购买】,1657715097093,2022-07-13 20:24:57,youli0629,127号
【主播推送商品】,1657715148359,2022-07-13 20:25:48,主播,85号
【用户正在购买】,1657715204729,2022-07-13 20:26:44,jd_ryOtTRmbAqFZ,Top
【用户正在购买】,1657715220289,2022-07-13 20:27:00,jd_cyxz01,112号
【用户分享直播间】,1657715256904,2022-07-13 20:27:36,xfqlyl
【用户分享直播间】,1657715320168,2022-07-13 20:28:40,威廉515
【主播推送商品】,1657715482327,2022-07-13 20:31:22,主播,113号
【用户正在购买】,1657715536920,2022-07-13 20:32:16,u_mhijjfmgqien,Top
【主播推送商品】,1657715572871,2022-07-13 20:32:52,主播,113号
【用户分享直播间】,1657715615421,2022-07-13 20:33:35,众神之王A
【用户正在购买】,1657715718197,2022-07-13 20:35:18,jd_4555902999d69,124号
【实时弹幕】,1657715806445,2022-07-13 20:36:46,网络慢步,小姐姐好漂亮
【主播推送商品】,1657715959665,2022-07-13 20:39:19,主播,89号
【主播正在讲解】,1657715961894,2022-07-13 20:39:21,主播,89号
【主播弹幕】,1657715961912,2022-07-13 20:39:21,主播,正在讲解89号宝贝
【主播开始讲解】,1657715963130,2022-07-13 20:39:23,主播,89
【用户正在购买】,1657716054326,2022-07-13 20:40:54,ai龙利玲,95号
【主播推送商品】,1657716068141,2022-07-13 20:41:08,主播,89号
【主播结束讲解】,1657716097769,2022-07-13 20:41:37,主播,89
【用户正在购买】,1657716135757,2022-07-13 20:42:15,为为8511,113号
【用户正在购买】,1657716207792,2022-07-13 20:43:27,u_eymuzd7qfaxo,106号
【用户正在购买】,1657716224705,2022-07-13 20:43:44,wysoww,104号
【用户正在购买】,1657716363968,2022-07-13 20:46:03,江南一只燕,115号
【主播推送商品】,1657716395953,2022-07-13 20:46:35,主播,89号
【用户正在购买】,1657716452638,2022-07-13 20:47:32,伊诺410,89号
【主播推送商品】,1657716502433,2022-07-13 20:48:22,主播,127号
【用户领券】,1657716521434,2022-07-13 20:48:41,MG459692374,领取了一张优惠券
【用户加入购物车】,1657716590717,2022-07-13 20:49:50,MG459692374,59号
【用户加入购物车】,1657716597084,2022-07-13 20:49:57,MG459692374,57号
【用户加入购物车】,1657716604862,2022-07-13 20:50:04,MG459692374,56号
【用户加入购物车】,1657716612443,2022-07-13 20:50:12,MG459692374,52号
【用户正在购买】,1657716733903,2022-07-13 20:52:13,lt140309,89号
【用户正在购买】,1657716757373,2022-07-13 20:52:37,15812726368,123号
【用户正在购买】,1657716760153,2022-07-13 20:52:40,jd_JrzEkPfIijnS,57号
【用户领券】,1657716778868,2022-07-13 20:52:58,jd_185003knt,领取了满199减130元券
【用户领券】,1657716780303,2022-07-13 20:53:00,jd_185003knt,领取了满400减270元券
【用户正在购买】,1657716821598,2022-07-13 20:53:41,jd_JrzEkPfIijnS,57号
【用户正在购买】,1657716842793,2022-07-13 20:54:02,Silverzhou_jd,Top
【用户领券】,1657716855034,2022-07-13 20:54:15,Silverzhou_jd,领取了满199减130元券
【用户领券】,1657716855817,2022-07-13 20:54:15,Silverzhou_jd,领取了满300减200元券
【用户领券】,1657716856343,2022-07-13 20:54:16,Silverzhou_jd,领取了满400减270元券
【用户正在购买】,1657716898104,2022-07-13 20:54:58,Silverzhou_jd,Top
【用户正在购买】,1657716920339,2022-07-13 20:55:20,Silverzhou_jd,Top
【用户关注】,1657716931955,2022-07-13 20:55:31,Silverzhou_jd
【用户正在购买】,1657716933709,2022-07-13 20:55:33,jd_NYPdQZoDCvQo,129号
【主播推送商品】,1657716951709,2022-07-13 20:55:51,主播,Top
【用户正在购买】,1657716991489,2022-07-13 20:56:31,jd_5b71d33e69c20,89号
【用户正在购买】,1657717000226,2022-07-13 20:56:40,Silverzhou_jd,Top
【用户正在购买】,1657717020489,2022-07-13 20:57:00,jd_5b71d33e69c20,89号
【用户正在购买】,1657717107400,2022-07-13 20:58:27,吕双玲1121,123号
【用户加入购物车】,1657717171975,2022-07-13 20:59:31,Silverzhou_jd,Top
【用户正在购买】,1657717184189,2022-07-13 20:59:44,Silverzhou_jd,129号
【用户加入购物车】,1657717209882,2022-07-13 21:00:09,Silverzhou_jd,129号
【用户正在购买】,1657717261602,2022-07-13 21:01:01,零度不差钱,90号
【用户正在购买】,1657717319710,2022-07-13 21:01:59,爱剁手de冰河,98号
【用户领券】,1657717348131,2022-07-13 21:02:28,大可a,领取了满400减270元券
【用户领券】,1657717350257,2022-07-13 21:02:30,大可a,领取了满300减200元券
【用户领券】,1657717351495,2022-07-13 21:02:31,大可a,领取了满199减130元券
【用户正在购买】,1657717370668,2022-07-13 21:02:50,大可a,77号
【主播推送商品】,1657717618287,2022-07-13 21:06:58,主播,130号
【用户领券】,1657717658843,2022-07-13 21:07:38,ppTKoqCFVlqO,领取了满199减130元券
【用户领券】,1657717661507,2022-07-13 21:07:41,ppTKoqCFVlqO,领取了满300减200元券
【主播推送商品】,1657717673069,2022-07-13 21:07:53,主播,130号
【用户正在购买】,1657717796340,2022-07-13 21:09:56,jd852816vca,93号
【用户正在购买】,1657717809661,2022-07-13 21:10:09,jd852816vca,92号
【用户加入购物车】,1657717820319,2022-07-13 21:10:20,jd852816vca,84号
【用户正在购买】,1657717824371,2022-07-13 21:10:24,jd852816vca,82号
【用户正在购买】,1657717827520,2022-07-13 21:10:27,jd852816vca,84号
【主播推送商品】,1657717843050,2022-07-13 21:10:43,主播,130号
【用户正在购买】,1657717883531,2022-07-13 21:11:23,sh2803,98号
【用户正在购买】,1657717928529,2022-07-13 21:12:08,jd_153161ntv,123号
【用户正在购买】,1657717954521,2022-07-13 21:12:34,sh2803,98号
【用户正在购买】,1657718044740,2022-07-13 21:14:04,我和夏天来了噢,4号
【实时弹幕】,1657718051629,2022-07-13 21:14:11,我和夏天来了噢,蚕豆
【用户领券】,1657718080645,2022-07-13 21:14:40,我和夏天来了噢,领取了满199减130元券
【主播推送商品】,1657718093576,2022-07-13 21:14:53,主播,6号
【用户领券】,1657718117739,2022-07-13 21:15:17,绍君,领取了满199减130元券
【用户领券】,1657718119287,2022-07-13 21:15:19,绍君,领取了满300减200元券
【用户领券】,1657718120534,2022-07-13 21:15:20,绍君,领取了满400减270元券
【用户正在购买】,1657718128187,2022-07-13 21:15:28,绍君,125号
【主播推送商品】,1657718135172,2022-07-13 21:15:35,主播,6号
【用户正在购买】,1657718161583,2022-07-13 21:16:01,绍君,124号
【用户正在购买】,1657718173634,2022-07-13 21:16:13,我和夏天来了噢,4号
【用户加入购物车】,1657718187021,2022-07-13 21:16:27,我和夏天来了噢,4号
【用户加入购物车】,1657718203697,2022-07-13 21:16:43,我和夏天来了噢,4号
【用户加入购物车】,1657718204827,2022-07-13 21:16:44,我和夏天来了噢,4号
【用户加入购物车】,1657718205738,2022-07-13 21:16:45,我和夏天来了噢,4号
【用户加入购物车】,1657718207784,2022-07-13 21:16:47,我和夏天来了噢,4号
【用户正在购买】,1657718209784,2022-07-13 21:16:49,158511139-38558712,105号
【用户分享直播间】,1657718211426,2022-07-13 21:16:51,逐叶不休
【用户加入购物车】,1657718222948,2022-07-13 21:17:02,我和夏天来了噢,122号
【用户加入购物车】,1657718250054,2022-07-13 21:17:30,我和夏天来了噢,90号
【用户加入购物车】,1657718303307,2022-07-13 21:18:23,我和夏天来了噢,46号
【用户加入购物车】,1657718311544,2022-07-13 21:18:31,我和夏天来了噢,35号
【用户加入购物车】,1657718313075,2022-07-13 21:18:33,我和夏天来了噢,35号
【用户正在购买】,1657718343651,2022-07-13 21:19:03,jd_6be0d3b1c590f,129号
【用户加入购物车】,1657718352878,2022-07-13 21:19:12,我和夏天来了噢,6号
【实时弹幕】,1657718388340,2022-07-13 21:19:48,_iridescent_u,已付款
【实时弹幕】,1657718487977,2022-07-13 21:21:27,我和夏天来了噢,没有减免啊
【用户关注】,1657718493320,2022-07-13 21:21:33,我和夏天来了噢
【实时弹幕】,1657718512807,2022-07-13 21:21:52,我和夏天来了噢,我下单结账
【实时弹幕】,1657718554181,2022-07-13 21:22:34,我和夏天来了噢,我领了130的
【实时弹幕】,1657718559305,2022-07-13 21:22:39,我和夏天来了噢,不管用啊
【实时弹幕】,1657718577772,2022-07-13 21:22:57,我和夏天来了噢,我拍了200多的
【用户关注】,1657718612969,2022-07-13 21:23:32,jd_155493alp
【用户正在购买】,1657718631603,2022-07-13 21:23:51,jd_155493alp,103号
【用户正在购买】,1657718687625,2022-07-13 21:24:47,我和夏天来了噢,76号
【用户加入购物车】,1657718725211,2022-07-13 21:25:25,我和夏天来了噢,46号
【用户正在购买】,1657718729771,2022-07-13 21:25:29,jd_fwSdPmaKFXbI,89号
【用户正在购买】,1657718739754,2022-07-13 21:25:39,我和夏天来了噢,29号
【用户加入购物车】,1657718749791,2022-07-13 21:25:49,我和夏天来了噢,23号
【用户加入购物车】,1657718775553,2022-07-13 21:26:15,我和夏天来了噢,11号
【用户正在购买】,1657718782801,2022-07-13 21:26:22,艾欧尼亚我回来了,129号
【用户加入购物车】,1657718819829,2022-07-13 21:26:59,jd_RTUaAlltMFhH,105号
【用户正在购买】,1657718821162,2022-07-13 21:27:01,jd_RTUaAlltMFhH,105号
【用户分享直播间】,1657718886327,2022-07-13 21:28:06,阿洪哥哥
【用户领券】,1657718901258,2022-07-13 21:28:21,jd_6419d7f2551d3,领取了满199减130元券
【用户正在购买】,1657718959462,2022-07-13 21:29:19,jd_6419d7f2551d3,108号
【用户正在购买】,1657719013020,2022-07-13 21:30:13,jd_oSqgaZGWmzML,123号
【用户正在购买】,1657719078339,2022-07-13 21:31:18,fsy258,93号
【用户正在购买】,1657719103920,2022-07-13 21:31:43,jd_3001851,89号
【用户正在购买】,1657719118363,2022-07-13 21:31:58,jd_487f42e7a0db3,89号
【用户正在购买】,1657719135237,2022-07-13 21:32:15,jd_487f42e7a0db3,89号
【用户加入购物车】,1657719241301,2022-07-13 21:34:01,u_fcofetjqvj33,100号
【用户正在购买】,1657719350830,2022-07-13 21:35:50,jd_134230zbs,127号
【用户正在购买】,1657719395137,2022-07-13 21:36:35,灰烬小白,122号
【用户正在购买】,1657719399261,2022-07-13 21:36:39,jd_156420czg,89号
【用户正在购买】,1657719462129,2022-07-13 21:37:42,zhangnan850205,105号
【用户正在购买】,1657719558442,2022-07-13 21:39:18,ZbgjFcdMdYfi,113号
【用户正在购买】,1657719570906,2022-07-13 21:39:30,ZbgjFcdMdYfi,113号
【用户正在购买】,1657719805222,2022-07-13 21:43:25,jd_4804bbbac7912,109号
【用户正在购买】,1657719910991,2022-07-13 21:45:10,jd_41003b036adcf,129号
【实时弹幕】,1657719944444,2022-07-13 21:45:44,wangrubo-1020,螺狮粉从哪发货
【用户正在购买】,1657719974386,2022-07-13 21:46:14,好姑娘光芒万丈哇,130号
【实时弹幕】,1657719975783,2022-07-13 21:46:15,wangrubo-1020,说是厂家，
【用户正在购买】,1657719978013,2022-07-13 21:46:18,jd_187015idn,Top
【用户正在购买】,1657719984791,2022-07-13 21:46:24,jd_187015idn,127号
【实时弹幕】,1657719993557,2022-07-13 21:46:33,wangrubo-1020,好的谢谢
【用户正在购买】,1657720011960,2022-07-13 21:46:51,jd_187015idn,121号
【用户领券】,1657720033438,2022-07-13 21:47:13,zt_407,领取了满199减130元券
【主播推送商品】,1657720039163,2022-07-13 21:47:19,主播,121号
【主播正在讲解】,1657720041784,2022-07-13 21:47:21,主播,121号
【主播弹幕】,1657720041796,2022-07-13 21:47:21,主播,正在讲解121号宝贝
【主播开始讲解】,1657720045323,2022-07-13 21:47:25,主播,121
【用户领券】,1657720051620,2022-07-13 21:47:31,u_2y5eeau3usxl,领取了满199减130元券
【用户领券】,1657720054089,2022-07-13 21:47:34,u_2y5eeau3usxl,领取了满300减200元券
【用户领券】,1657720054618,2022-07-13 21:47:34,u_2y5eeau3usxl,领取了满400减270元券
【实时弹幕】,1657720062907,2022-07-13 21:47:42,zt_407,是不是提价以后再打得折呀
【用户正在购买】,1657720071261,2022-07-13 21:47:51,jd_187015idn,121号
【用户正在购买】,1657720076279,2022-07-13 21:47:56,jd_187015idn,121号
【用户正在购买】,1657720085242,2022-07-13 21:48:05,zt_407,121号
【主播结束讲解】,1657720107945,2022-07-13 21:48:27,主播,121
【用户正在购买】,1657720156846,2022-07-13 21:49:16,zt_407,90号
【用户加入购物车】,1657720164140,2022-07-13 21:49:24,zt_407,90号
【用户加入购物车】,1657720168159,2022-07-13 21:49:28,zt_407,88号
【用户加入购物车】,1657720183473,2022-07-13 21:49:43,zt_407,78号
【用户正在购买】,1657720187692,2022-07-13 21:49:47,zt_407,78号
【用户领券】,1657720270886,2022-07-13 21:51:10,秦强大噢耶,领取了满199减130元券
【用户正在购买】,1657720282091,2022-07-13 21:51:22,秦强大噢耶,Top
【用户正在购买】,1657720285178,2022-07-13 21:51:25,jd_181890kvn,118号
【用户正在购买】,1657720295221,2022-07-13 21:51:35,jd_181890kvn,118号
【用户加入购物车】,1657720298649,2022-07-13 21:51:38,蜻蜓16888,98号
【用户分享直播间】,1657720299586,2022-07-13 21:51:39,yjzhu203
【用户正在购买】,1657720303514,2022-07-13 21:51:43,秦强大噢耶,118号
【用户加入购物车】,1657720356369,2022-07-13 21:52:36,秦强大噢耶,108号
【用户加入购物车】,1657720372079,2022-07-13 21:52:52,秦强大噢耶,92号
【用户领券】,1657720573168,2022-07-13 21:56:13,jd_139541xrs,领取了满300减200元券
【用户领券】,1657720574367,2022-07-13 21:56:14,jd_139541xrs,领取了满199减130元券
【用户领券】,1657720576531,2022-07-13 21:56:16,jd_139541xrs,领取了满400减270元券
【用户正在购买】,1657720628861,2022-07-13 21:57:08,wenpei01,98号
【用户领券】,1657720645017,2022-07-13 21:57:25,jd_182292caa,领取了一张优惠券
【用户领券】,1657720646832,2022-07-13 21:57:26,jd_182292caa,领取了一张优惠券
【用户领券】,1657720649023,2022-07-13 21:57:29,jd_182292caa,领取了一张优惠券
【用户加入购物车】,1657720663338,2022-07-13 21:57:43,jd_182292caa,127号
【用户加入购物车】,1657720672930,2022-07-13 21:57:52,jd_182292caa,123号
【用户正在购买】,1657720685034,2022-07-13 21:58:05,jd_182292caa,121号
【用户分享直播间】,1657720725027,2022-07-13 21:58:45,xjzg11
【用户分享直播间】,1657720743780,2022-07-13 21:59:03,xjzg11
【用户正在购买】,1657720768587,2022-07-13 21:59:28,T涯H角,118号
【用户正在购买】,1657720942332,2022-07-13 22:02:22,jd_189226siq,113号
【用户分享直播间】,1657720959159,2022-07-13 22:02:39,jd_dypbWOlyBUWN
【用户正在购买】,1657721029894,2022-07-13 22:03:49,橙子青檬,127号
【用户分享直播间】,1657721056031,2022-07-13 22:04:16,zhihuiwu195606
【主播推送商品】,1657721063765,2022-07-13 22:04:23,主播,130号
【用户正在购买】,1657721229451,2022-07-13 22:07:09,jd_xxhanj,104号
【用户正在购买】,1657721232829,2022-07-13 22:07:12,jd_xxhanj,104号
【用户正在购买】,1657721256034,2022-07-13 22:07:36,jd_WHqQfjOrxqaD,118号
【用户正在购买】,1657721265970,2022-07-13 22:07:45,jd_xxhanj,104号
【用户领券】,1657721287106,2022-07-13 22:08:07,jd_xxhanj,领取了满199减130元券
【用户领券】,1657721289890,2022-07-13 22:08:09,jd_xxhanj,领取了满300减200元券
【用户加入购物车】,1657721292040,2022-07-13 22:08:12,jd_xxhanj,104号
【用户正在购买】,1657721297422,2022-07-13 22:08:17,jd_xxhanj,104号
【用户正在购买】,1657721308394,2022-07-13 22:08:28,jd_xxhanj,104号
【用户正在购买】,1657721314325,2022-07-13 22:08:34,jd_447*****7466f,93号
【用户正在购买】,1657721349315,2022-07-13 22:09:09,jd_447*****7466f,93号
【用户正在购买】,1657721359776,2022-07-13 22:09:19,jd_xxhanj,104号
【用户正在购买】,1657721402881,2022-07-13 22:10:02,jd_xxhanj,104号
【用户分享直播间】,1657721405094,2022-07-13 22:10:05,jd_愛niづ尐樣
【用户正在购买】,1657721405441,2022-07-13 22:10:05,liyan9300,104号
【用户正在购买】,1657721432410,2022-07-13 22:10:32,13622057916_p,123号
【用户正在购买】,1657721446442,2022-07-13 22:10:46,jd_qPaMxUYOEQdN,93号
【主播推送商品】,1657721489630,2022-07-13 22:11:29,主播,129号
【用户领券】,1657721492979,2022-07-13 22:11:32,拍拍点东西,领取了满199减130元券
【用户正在购买】,1657721498840,2022-07-13 22:11:38,xwen0203,119号
【用户正在购买】,1657721513995,2022-07-13 22:11:53,lianglanyue520,109号
【主播推送商品】,1657721520406,2022-07-13 22:12:00,主播,129号
【用户正在购买】,1657721536341,2022-07-13 22:12:16,齐建伟和张佳倩,129号
【用户加入购物车】,1657721551784,2022-07-13 22:12:31,13622057916_p,123号
【用户正在购买】,1657721552847,2022-07-13 22:12:32,13622057916_p,123号
【用户正在购买】,1657721569083,2022-07-13 22:12:49,13622057916_p,116号
【主播推送商品】,1657721585797,2022-07-13 22:13:05,主播,129号
【用户正在购买】,1657721639779,2022-07-13 22:13:59,jd_187832ugt,109号
【用户加入购物车】,1657721681410,2022-07-13 22:14:41,jd_187832ugt,109号
【用户正在购买】,1657721689325,2022-07-13 22:14:49,fjlzlfzx1688,107号
【用户正在购买】,1657721698318,2022-07-13 22:14:58,jd_187832ugt,91号
【用户加入购物车】,1657721708122,2022-07-13 22:15:08,jd_187832ugt,91号
【用户正在购买】,1657721718953,2022-07-13 22:15:18,jd_187832ugt,74号
【用户正在购买】,1657721771472,2022-07-13 22:16:11,jd_187832ugt,112号
【用户加入购物车】,1657721787316,2022-07-13 22:16:27,jd_187832ugt,112号
【用户正在购买】,1657721930448,2022-07-13 22:18:50,wc1533284064,84号
【主播推送商品】,1657721941026,2022-07-13 22:19:01,主播,127号
【主播推送商品】,1657722021682,2022-07-13 22:20:21,主播,127号
【用户正在购买】,1657722153972,2022-07-13 22:22:33,啊_小三哥,129号
【用户正在购买】,1657722155064,2022-07-13 22:22:35,HqMzuDrZqWDd,130号
【用户正在购买】,1657722160298,2022-07-13 22:22:40,HqMzuDrZqWDd,130号
【用户正在购买】,1657722286975,2022-07-13 22:24:46,jd_498251787b711,113号
【用户正在购买】,1657722382041,2022-07-13 22:26:22,馥--,75号
【用户正在购买】,1657722390079,2022-07-13 22:26:30,jd_●Sana.Lee,91号
【用户正在购买】,1657722770992,2022-07-13 22:32:50,jd_76e3beaf991a5,Top
【用户领券】,1657722794804,2022-07-13 22:33:14,L风为裳,领取了满199减130元券
【用户正在购买】,1657722826629,2022-07-13 22:33:46,jd_138625qxa,89号
【用户加入购物车】,1657722836737,2022-07-13 22:33:56,jd_bVBixeoBUhzJ,115号
【用户加入购物车】,1657722846407,2022-07-13 22:34:06,jd_bVBixeoBUhzJ,107号
【用户正在购买】,1657722848324,2022-07-13 22:34:08,jd_YyJHvdDGXzsP,119号
【用户加入购物车】,1657722862098,2022-07-13 22:34:22,jd_bVBixeoBUhzJ,90号
【主播推送商品】,1657722864864,2022-07-13 22:34:24,主播,89号
【用户正在购买】,1657722869768,2022-07-13 22:34:29,jd_bVBixeoBUhzJ,Top
【主播推送商品】,1657722873376,2022-07-13 22:34:33,主播,89号
【用户加入购物车】,1657722940930,2022-07-13 22:35:40,jd_ASIPRppbMzQa,01号
【用户加入购物车】,1657722942241,2022-07-13 22:35:42,jd_ASIPRppbMzQa,02号
【用户加入购物车】,1657722946740,2022-07-13 22:35:46,jd_ASIPRppbMzQa,03号
【用户加入购物车】,1657722950693,2022-07-13 22:35:50,jd_ASIPRppbMzQa,04号
【用户加入购物车】,1657722954247,2022-07-13 22:35:54,jd_ASIPRppbMzQa,07号
【用户加入购物车】,1657722957125,2022-07-13 22:35:57,jd_ASIPRppbMzQa,08号
【用户加入购物车】,1657722979771,2022-07-13 22:36:19,jd_ASIPRppbMzQa,19号
【用户加入购物车】,1657722981204,2022-07-13 22:36:21,jd_ASIPRppbMzQa,20号
【用户加入购物车】,1657722985808,2022-07-13 22:36:25,jd_ASIPRppbMzQa,22号
【用户加入购物车】,1657722989874,2022-07-13 22:36:29,jd_ASIPRppbMzQa,26号
【用户加入购物车】,1657722991229,2022-07-13 22:36:31,jd_ASIPRppbMzQa,27号
【用户加入购物车】,1657723000064,2022-07-13 22:36:40,jd_ASIPRppbMzQa,30号
【用户加入购物车】,1657723001418,2022-07-13 22:36:41,jd_ASIPRppbMzQa,31号
【用户加入购物车】,1657723004825,2022-07-13 22:36:44,jd_ASIPRppbMzQa,32号
【用户正在购买】,1657723005285,2022-07-13 22:36:45,浙江RPG,122号
【用户正在购买】,1657723006913,2022-07-13 22:36:46,jd_ASIPRppbMzQa,33号
【用户加入购物车】,1657723023991,2022-07-13 22:37:03,jd_ASIPRppbMzQa,35号
【用户加入购物车】,1657723025165,2022-07-13 22:37:05,jd_ASIPRppbMzQa,34号
【用户加入购物车】,1657723032307,2022-07-13 22:37:12,jd_ASIPRppbMzQa,40号
【用户加入购物车】,1657723043267,2022-07-13 22:37:23,jd_ASIPRppbMzQa,54号
【用户正在购买】,1657723118061,2022-07-13 22:38:38,jd_7f545a69885e2,Top
【用户正在购买】,1657723176920,2022-07-13 22:39:36,cql0619,122号
【用户正在购买】,1657723225031,2022-07-13 22:40:25,jd_150140azs,105号
【用户正在购买】,1657723238308,2022-07-13 22:40:38,何慢慢不慢,105号
【用户关注】,1657723245809,2022-07-13 22:40:45,cql0619
【主播推送商品】,1657723279025,2022-07-13 22:41:19,主播,108号
【用户加入购物车】,1657723293790,2022-07-13 22:41:33,jd_ASIPRppbMzQa,72号
【主播推送商品】,1657723311517,2022-07-13 22:41:51,主播,108号
【主播推送商品】,1657723330660,2022-07-13 22:42:10,主播,108号
【用户正在购买】,1657723387088,2022-07-13 22:43:07,何慢慢不慢,105号
【用户领券】,1657723428222,2022-07-13 22:43:48,u_pcwe8g9dr5l2,领取了满400减270元券
【用户领券】,1657723429337,2022-07-13 22:43:49,u_pcwe8g9dr5l2,领取了满300减200元券
【用户领券】,1657723430089,2022-07-13 22:43:50,u_pcwe8g9dr5l2,领取了满199减130元券
【用户加入购物车】,1657723433837,2022-07-13 22:43:53,u_pcwe8g9dr5l2,118号
【用户正在购买】,1657723439437,2022-07-13 22:43:59,阿里山K,113号
【用户加入购物车】,1657723440926,2022-07-13 22:44:00,u_pcwe8g9dr5l2,124号
【用户加入购物车】,1657723447493,2022-07-13 22:44:07,u_pcwe8g9dr5l2,123号
【用户正在购买】,1657723450782,2022-07-13 22:44:10,u_pcwe8g9dr5l2,122号
【用户加入购物车】,1657723458054,2022-07-13 22:44:18,阿里山K,113号
【用户正在购买】,1657723465038,2022-07-13 22:44:25,阿里山K,111号
【用户正在购买】,1657723477016,2022-07-13 22:44:37,阿里山K,106号
【用户加入购物车】,1657723488437,2022-07-13 22:44:48,u_pcwe8g9dr5l2,105号
【用户正在购买】,1657723492213,2022-07-13 22:44:52,u_pcwe8g9dr5l2,105号
【用户加入购物车】,1657723512797,2022-07-13 22:45:12,u_pcwe8g9dr5l2,105号
【用户加入购物车】,1657723517926,2022-07-13 22:45:17,u_pcwe8g9dr5l2,103号
【用户加入购物车】,1657723526157,2022-07-13 22:45:26,u_pcwe8g9dr5l2,99号
【用户加入购物车】,1657723537485,2022-07-13 22:45:37,u_pcwe8g9dr5l2,92号
【用户加入购物车】,1657723540909,2022-07-13 22:45:40,u_pcwe8g9dr5l2,90号
【用户正在购买】,1657723555648,2022-07-13 22:45:55,u_pcwe8g9dr5l2,75号
【用户加入购物车】,1657723586416,2022-07-13 22:46:26,u_pcwe8g9dr5l2,60号
【用户加入购物车】,1657723597366,2022-07-13 22:46:37,u_pcwe8g9dr5l2,50号
【用户加入购物车】,1657723606349,2022-07-13 22:46:46,u_pcwe8g9dr5l2,46号
【用户正在购买】,1657723637186,2022-07-13 22:47:17,jd_152673ingr,Top
【用户正在购买】,1657723711830,2022-07-13 22:48:31,jd_5636984874a5e,105号
【用户领券】,1657723769917,2022-07-13 22:49:29,hyuna某时,领取了一张优惠券
【用户正在购买】,1657723774302,2022-07-13 22:49:34,hyuna某时,Top
【用户加入购物车】,1657723791502,2022-07-13 22:49:51,u_63q1b2pjuumq,105号
【用户正在购买】,1657723801881,2022-07-13 22:50:01,jd_bulPtYaoUapi,105号
【用户正在购买】,1657723845838,2022-07-13 22:50:45,wangch77,94号
【用户领券】,1657723869416,2022-07-13 22:51:09,jd_178589ddz,领取了满199减130元券
【用户领券】,1657723872870,2022-07-13 22:51:12,jd_136445egn,领取了满300减200元券
【用户领券】,1657723874089,2022-07-13 22:51:14,jd_136445egn,领取了满199减130元券
【用户领券】,1657723875924,2022-07-13 22:51:15,jd_136445egn,领取了满400减270元券
【用户正在购买】,1657723878636,2022-07-13 22:51:18,jd_178589ddz,129号
【实时弹幕】,1657723889428,2022-07-13 22:51:29,jd_136445egn,还有别的吗
【用户正在购买】,1657723896167,2022-07-13 22:51:36,jun01234568,121号
【用户正在购买】,1657723920171,2022-07-13 22:52:00,u_eidlwbm4vov7,123号
【用户正在购买】,1657723922606,2022-07-13 22:52:02,jd_178589ddz,119号
【用户关注】,1657723946630,2022-07-13 22:52:26,jd_178589ddz
【用户领券】,1657723956100,2022-07-13 22:52:36,jd_53a5f308b1aa2,领取了满300减200元券
【用户正在购买】,1657723960444,2022-07-13 22:52:40,jd_136445egn,130号
【用户加入购物车】,1657723998647,2022-07-13 22:53:18,jd_178589ddz,129号
【用户正在购买】,1657724001320,2022-07-13 22:53:21,jd_178589ddz,129号
【用户加入购物车】,1657724011016,2022-07-13 22:53:31,jd_53a5f308b1aa2,126号
【用户正在购买】,1657724031231,2022-07-13 22:53:51,jd_178589ddz,129号
【用户加入购物车】,1657724035322,2022-07-13 22:53:55,jd_53a5f308b1aa2,127号
【用户加入购物车】,1657724088678,2022-07-13 22:54:48,jd_53a5f308b1aa2,14号
【用户正在购买】,1657724110882,2022-07-13 22:55:10,jd_178589ddz,105号
【用户正在购买】,1657724133582,2022-07-13 22:55:33,jd_178589ddz,81号
【用户加入购物车】,1657724173504,2022-07-13 22:56:13,jd_178589ddz,03号
【用户加入购物车】,1657724188581,2022-07-13 22:56:28,jd_178589ddz,09号
【用户加入购物车】,1657724196383,2022-07-13 22:56:36,jd_178589ddz,19号
【用户加入购物车】,1657724208848,2022-07-13 22:56:48,jd_178589ddz,28号
【用户领券】,1657724216964,2022-07-13 22:56:56,媛媛丁丁,领取了满199减130元券
【用户加入购物车】,1657724218077,2022-07-13 22:56:58,jd_178589ddz,38号
【用户领券】,1657724219517,2022-07-13 22:56:59,媛媛丁丁,领取了满300减200元券
【用户领券】,1657724220206,2022-07-13 22:57:00,媛媛丁丁,领取了满400减270元券
【用户加入购物车】,1657724233427,2022-07-13 22:57:13,jd_178589ddz,61号
【用户加入购物车】,1657724242834,2022-07-13 22:57:22,媛媛丁丁,127号
【用户加入购物车】,1657724245165,2022-07-13 22:57:25,媛媛丁丁,127号
【用户正在购买】,1657724245326,2022-07-13 22:57:25,jd_178589ddz,81号
【用户正在购买】,1657724280650,2022-07-13 22:58:00,媛媛丁丁,127号
【用户领券】,1657724280793,2022-07-13 22:58:00,oiloiloil,领取了满199减130元券
【用户正在购买】,1657724282388,2022-07-13 22:58:02,jd_136445egn,Top
【用户领券】,1657724284881,2022-07-13 22:58:04,oiloiloil,领取了满300减200元券
【用户领券】,1657724285302,2022-07-13 22:58:05,oiloiloil,领取了满400减270元券
【用户加入购物车】,1657724409611,2022-07-13 23:00:09,jd_178589ddz,38号
【实时弹幕】,1657724410558,2022-07-13 23:00:10,jd_136445egn,整点开抽嘛
【用户加入购物车】,1657724413123,2022-07-13 23:00:13,jd_178589ddz,37号
【实时弹幕】,1657724434535,2022-07-13 23:00:34,jd_136445egn,下好了呀
【实时弹幕】,1657724449062,2022-07-13 23:00:49,jd_136445egn,关注百草味
【用户正在购买】,1657724483122,2022-07-13 23:01:23,jd_178589ddz,42号
【实时弹幕】,1657724484268,2022-07-13 23:01:24,jd_136445egn,好的
【用户正在购买】,1657724498889,2022-07-13 23:01:38,北冥有o鱼o,98号
【用户正在购买】,1657724505323,2022-07-13 23:01:45,jd_NYsBRLEcfNpx,Top
【用户正在购买】,1657724520411,2022-07-13 23:02:00,jd_jUzxpVOzAtFF,103号
【用户正在购买】,1657724588622,2022-07-13 23:03:08,NbvgDDYfCjGY,128号
【用户正在购买】,1657724615495,2022-07-13 23:03:35,NbvgDDYfCjGY,116号
【用户正在购买】,1657724626753,2022-07-13 23:03:46,NbvgDDYfCjGY,112号
【用户正在购买】,1657724642736,2022-07-13 23:04:02,NbvgDDYfCjGY,109号
【用户正在购买】,1657724651018,2022-07-13 23:04:11,NbvgDDYfCjGY,107号
【用户正在购买】,1657724659662,2022-07-13 23:04:19,NbvgDDYfCjGY,103号
【实时弹幕】,1657724667294,2022-07-13 23:04:27,锦鲤中锦鲤,56
【用户正在购买】,1657724669690,2022-07-13 23:04:29,NbvgDDYfCjGY,99号
【用户正在购买】,1657724676529,2022-07-13 23:04:36,NbvgDDYfCjGY,94号
【用户正在购买】,1657724680853,2022-07-13 23:04:40,枫雪凌,1号
【主播推送商品】,1657724682749,2022-07-13 23:04:42,主播,56号
【用户正在购买】,1657724687639,2022-07-13 23:04:47,NbvgDDYfCjGY,88号
【用户正在购买】,1657724768328,2022-07-13 23:06:08,锦鲤中锦鲤,56号
【用户正在购买】,1657724970110,2022-07-13 23:09:30,jd_EUZzsrYZdvGS,109号
【用户正在购买】,1657724976652,2022-07-13 23:09:36,jd139706pxs,89号
【用户正在购买】,1657724991791,2022-07-13 23:09:51,jd_139267hbj,108号
【用户正在购买】,1657725015107,2022-07-13 23:10:15,jd_139267hbj,108号
【用户正在购买】,1657725018659,2022-07-13 23:10:18,jd_139267hbj,108号
【用户正在购买】,1657725029987,2022-07-13 23:10:29,jd_139267hbj,108号
【用户正在购买】,1657725060948,2022-07-13 23:11:00,等一丶下,127号
【用户正在购买】,1657725413053,2022-07-13 23:16:53,jd_65fcwEKf3s9Ti1W,89号
【用户正在购买】,1657725413388,2022-07-13 23:16:53,jd_ydEZpOYndHXi,98号
【用户正在购买】,1657725446044,2022-07-13 23:17:26,jd_65fcwEKf3s9Ti1W,Top
【用户正在购买】,1657725451053,2022-07-13 23:17:31,jd_65fcwEKf3s9Ti1W,89号
【用户正在购买】,1657725467457,2022-07-13 23:17:47,jd_159199xxrk,113号
【用户正在购买】,1657725473489,2022-07-13 23:17:53,jd_159199xxrk,113号
【用户正在购买】,1657725489543,2022-07-13 23:18:09,jd_159199xxrk,113号
【用户正在购买】,1657725559431,2022-07-13 23:19:19,jd_xpvFENTtOSFV,73号
【用户正在购买】,1657725580764,2022-07-13 23:19:40,jd_xpvFENTtOSFV,73号
【用户正在购买】,1657725608910,2022-07-13 23:20:08,jd_xpvFENTtOSFV,127号
【用户正在购买】,1657725615492,2022-07-13 23:20:15,jd_xpvFENTtOSFV,124号
【用户正在购买】,1657725619765,2022-07-13 23:20:19,jd_xpvFENTtOSFV,123号
【用户正在购买】,1657725633013,2022-07-13 23:20:33,jd_xpvFENTtOSFV,114号
【用户领券】,1657725639086,2022-07-13 23:20:39,佳油,领取了满300减200元券
【用户加入购物车】,1657725646589,2022-07-13 23:20:46,佳油,130号
【用户加入购物车】,1657725655248,2022-07-13 23:20:55,佳油,128号
【用户正在购买】,1657725700354,2022-07-13 23:21:40,海阔天空cax,115号
【用户领券】,1657725722856,2022-07-13 23:22:02,jd_xpvFENTtOSFV,领取了满199减130元券
【用户领券】,1657725724345,2022-07-13 23:22:04,jd_xpvFENTtOSFV,领取了满300减200元券
【用户领券】,1657725725362,2022-07-13 23:22:05,jd_xpvFENTtOSFV,领取了满400减270元券
【用户加入购物车】,1657725780042,2022-07-13 23:23:00,佳油,106号
【用户加入购物车】,1657725782142,2022-07-13 23:23:02,佳油,105号
【用户正在购买】,1657725783964,2022-07-13 23:23:03,佳油,104号
【用户加入购物车】,1657725791203,2022-07-13 23:23:11,佳油,104号
【用户加入购物车】,1657725793981,2022-07-13 23:23:13,佳油,105号
【用户加入购物车】,1657725798165,2022-07-13 23:23:18,佳油,108号
【用户加入购物车】,1657725801667,2022-07-13 23:23:21,佳油,109号
【主播推送商品】,1657725819249,2022-07-13 23:23:39,主播,127号
【用户加入购物车】,1657725852802,2022-07-13 23:24:12,佳油,128号
【主播推送商品】,1657725927981,2022-07-13 23:25:27,主播,130号
【主播推送商品】,1657726126431,2022-07-13 23:28:46,主播,113号
【主播推送商品】,1657726175978,2022-07-13 23:29:35,主播,113号
【用户正在购买】,1657726192935,2022-07-13 23:29:52,JRSD_qoYXT5882,89号
【用户正在购买】,1657726239356,2022-07-13 23:30:39,jd_hODSPWVJowzp,109号
【用户领券】,1657726257257,2022-07-13 23:30:57,大眼瞪小眼666,领取了满199减130元券
【用户正在购买】,1657726359781,2022-07-13 23:32:39,jd_134826bhe,119号
【用户正在购买】,1657726375383,2022-07-13 23:32:55,jd_134826bhe,119号
【用户关注】,1657726600596,2022-07-13 23:36:40,zxt2202
【用户领券】,1657726619089,2022-07-13 23:36:59,zxt2202,领取了满199减130元券
【用户加入购物车】,1657726639580,2022-07-13 23:37:19,zxt2202,Top
【用户加入购物车】,1657726644832,2022-07-13 23:37:24,zxt2202,129号
【用户正在购买】,1657726763914,2022-07-13 23:39:23,jd_e9dP7bfxBbxNWKc,38号
【用户正在购买】,1657726776930,2022-07-13 23:39:36,jd_xYfcXjirIRvx,94号
【用户正在购买】,1657726777793,2022-07-13 23:39:37,jd_e9dP7bfxBbxNWKc,38号
【用户领券】,1657726778181,2022-07-13 23:39:38,zxt2202,领取了满300减200元券
【用户正在购买】,1657726786169,2022-07-13 23:39:46,zxt2202,127号
【主播推送商品】,1657726801705,2022-07-13 23:40:01,主播,38号
【主播正在讲解】,1657726814780,2022-07-13 23:40:14,主播,38号
【主播弹幕】,1657726814796,2022-07-13 23:40:14,主播,正在讲解38号宝贝
【主播开始讲解】,1657726814868,2022-07-13 23:40:14,主播,38
【用户正在购买】,1657726824813,2022-07-13 23:40:24,zxt2202,121号
【用户正在购买】,1657726836096,2022-07-13 23:40:36,zxt2202,120号
【用户加入购物车】,1657726843949,2022-07-13 23:40:43,zxt2202,118号
【用户正在购买】,1657726845608,2022-07-13 23:40:45,zxt2202,118号
【用户加入购物车】,1657726868055,2022-07-13 23:41:08,zxt2202,113号
【用户正在购买】,1657726876796,2022-07-13 23:41:16,jd_6866e1cca1d57,116号
【主播结束讲解】,1657726878383,2022-07-13 23:41:18,主播,38
【用户正在购买】,1657726884225,2022-07-13 23:41:24,jd_AmSQNagoABRs,113号
