【主播推送商品】,1665551357245,2022-10-12 13:09:17,主播,Top
【用户正在购买】,1665551361406,2022-10-12 13:09:21,木木54-,46号
【实时弹幕】,1665551370032,2022-10-12 13:09:30,DRH1314DRH,领券下单更优惠
【主播推送商品】,1665551377933,2022-10-12 13:09:37,主播,135号
【用户正在购买】,1665551379998,2022-10-12 13:09:39,jd_LumDOqnFuQGE,135号
【用户正在购买】,1665551409036,2022-10-12 13:10:09,木木54-,64号
【实时弹幕】,1665551417022,2022-10-12 13:10:17,jd_139062kok,领券下单更优惠
【用户加入购物车】,1665551417753,2022-10-12 13:10:17,jd_730559b8f8e2d,Top
【用户领券】,1665551419377,2022-10-12 13:10:19,jd_730559b8f8e2d,领取了满169减70元券
【用户正在购买】,1665551425730,2022-10-12 13:10:25,木木54-,75号
【用户正在购买】,1665551435079,2022-10-12 13:10:35,木木54-,77号
【用户正在购买】,1665551455378,2022-10-12 13:10:55,木木54-,87号
【主播推送商品】,1665551456747,2022-10-12 13:10:56,主播,135号
【用户正在购买】,1665551465910,2022-10-12 13:11:05,木木54-,96号
【用户加入购物车】,1665551513990,2022-10-12 13:11:53,木木54-,135号
【实时弹幕】,1665551538245,2022-10-12 13:12:18,古龙58,领券下单更优惠
【用户领券】,1665551590312,2022-10-12 13:13:10,木木54-,领取了满169减70元券
【用户领券】,1665551592056,2022-10-12 13:13:12,木木54-,领取了满169减70元券
【用户正在购买】,1665551592660,2022-10-12 13:13:12,jd_AcmidbeInVQG,105号
【用户正在购买】,1665551594848,2022-10-12 13:13:14,以沫-初夏ing,137号
【主播推送商品】,1665551607133,2022-10-12 13:13:27,主播,135号
【实时弹幕】,1665551632163,2022-10-12 13:13:52,爱芝昴,领券下单更优惠
【用户正在购买】,1665551634062,2022-10-12 13:13:54,jd_150162dvn,Top
【主播推送商品】,1665551639508,2022-10-12 13:13:59,主播,137号
【主播推送商品】,1665551643449,2022-10-12 13:14:03,主播,137号
【实时弹幕】,1665551645358,2022-10-12 13:14:05,叶子720313,领券下单更优惠
【用户正在购买】,1665551646263,2022-10-12 13:14:06,jd_159387vke,137号
【主播推送商品】,1665551648705,2022-10-12 13:14:08,主播,137号
【主播推送商品】,1665551651379,2022-10-12 13:14:11,主播,137号
【用户正在购买】,1665551653555,2022-10-12 13:14:13,以沫-初夏ing,137号
【用户正在购买】,1665551671936,2022-10-12 13:14:31,fSHDGZTKSkri,139号
【用户领券】,1665551684889,2022-10-12 13:14:44,jd_189330grs,领取了满169减70元券
【用户正在购买】,1665551685035,2022-10-12 13:14:45,fSHDGZTKSkri,138号
【用户正在购买】,1665551687726,2022-10-12 13:14:47,jd_134506ejp,129号
【主播推送商品】,1665551743475,2022-10-12 13:15:43,主播,137号
【用户正在购买】,1665551751712,2022-10-12 13:15:51,jd_134506ejp,65号
【主播推送商品】,1665551851404,2022-10-12 13:17:31,主播,137号
【主播推送商品】,1665551892961,2022-10-12 13:18:12,主播,137号
【用户关注】,1665551954781,2022-10-12 13:19:14,jd_qzcwoZbtunya
【主播推送商品】,1665551964863,2022-10-12 13:19:24,主播,137号
【主播推送商品】,1665552034113,2022-10-12 13:20:34,主播,130号
【实时弹幕】,1665552084580,2022-10-12 13:21:24,johnson1971,领券下单更优惠
【实时弹幕】,1665552086856,2022-10-12 13:21:26,SXX1044771491,领券下单更优惠
【用户关注】,1665552087011,2022-10-12 13:21:27,SXX1044771491
【用户正在购买】,1665552125369,2022-10-12 13:22:05,比夜难受吧,128号
【实时弹幕】,1665552167244,2022-10-12 13:22:47,黑色的加菲猫,领券下单更优惠
【用户正在购买】,1665552198508,2022-10-12 13:23:18,jd_133245fls,135号
【实时弹幕】,1665552221894,2022-10-12 13:23:41,jd_ZsgwujPfPvyd,板栗仁怎么买划算
【用户领券】,1665552229199,2022-10-12 13:23:49,Px_丫头,领取了满169减70元券
【用户领券】,1665552233200,2022-10-12 13:23:53,Px_丫头,领取了满99减40元券
【用户正在购买】,1665552234090,2022-10-12 13:23:54,Px_丫头,Top
【用户领券】,1665552238279,2022-10-12 13:23:58,Px_丫头,领取了满20减5元券
【用户加入购物车】,1665552257374,2022-10-12 13:24:17,Px_丫头,64号
【用户正在购买】,1665552292951,2022-10-12 13:24:52,jd_158106lva,128号
【主播推送商品】,1665552293438,2022-10-12 13:24:53,主播,130号
【用户正在购买】,1665552296958,2022-10-12 13:24:56,jd_uBwezSOArMgb,11号
【用户领券】,1665552311999,2022-10-12 13:25:11,jd_739ae271aa711,领取了满169减70元券
【用户正在购买】,1665552351781,2022-10-12 13:25:51,jd_uBwezSOArMgb,14号
【用户正在购买】,1665552355321,2022-10-12 13:25:55,jd_uBwezSOArMgb,16号
【用户正在购买】,1665552355728,2022-10-12 13:25:55,jd_739ae271aa711,Top
【用户正在购买】,1665552367697,2022-10-12 13:26:07,jd_eEnmJgQATUoM,79号
【用户加入购物车】,1665552415968,2022-10-12 13:26:55,jd_uBwezSOArMgb,17号
【用户关注】,1665552427259,2022-10-12 13:27:07,Thirteen茜
【实时弹幕】,1665552463879,2022-10-12 13:27:43,jd_189519gnz,领券下单更优惠
【用户加入购物车】,1665552476763,2022-10-12 13:27:56,jd_uBwezSOArMgb,135号
【用户正在购买】,1665552478963,2022-10-12 13:27:58,佳佳792,89号
【实时弹幕】,1665552535270,2022-10-12 13:28:55,jd_139222tfo,领券下单更优惠
【主播推送商品】,1665552555441,2022-10-12 13:29:15,主播,130号
【主播推送商品】,1665552595930,2022-10-12 13:29:55,主播,130号
【实时弹幕】,1665552607567,2022-10-12 13:30:07,蓝蓝东88,领券下单更优惠
【主播推送商品】,1665552645957,2022-10-12 13:30:45,主播,130号
【用户领券】,1665552688439,2022-10-12 13:31:28,jd_178752neh,领取了满169减70元券
【用户领券】,1665552690060,2022-10-12 13:31:30,jd_178752neh,领取了满99减40元券
【用户领券】,1665552692541,2022-10-12 13:31:32,jd_178752neh,领取了满20减5元券
【用户领券】,1665552709314,2022-10-12 13:31:49,随遇而安202106,领取了满169减70元券
【用户加入购物车】,1665552728348,2022-10-12 13:32:08,随遇而安202106,134号
【用户正在购买】,1665552731883,2022-10-12 13:32:11,随遇而安202106,134号
【用户分享直播间】,1665552759160,2022-10-12 13:32:39,obedo
【用户加入购物车】,1665552793067,2022-10-12 13:33:13,随遇而安202106,126号
【实时弹幕】,1665552794353,2022-10-12 13:33:14,逆逆玩,领券下单更优惠
【用户关注】,1665552794446,2022-10-12 13:33:14,逆逆玩
【用户领券】,1665552829788,2022-10-12 13:33:49,jd_4b90a6a985b88,领取了满169减70元券
【用户领券】,1665552836412,2022-10-12 13:33:56,jd_4b90a6a985b88,领取了满99减40元券
【实时弹幕】,1665552877028,2022-10-12 13:34:37,L15123846161,领券下单更优惠
【用户领券】,1665552881216,2022-10-12 13:34:41,Mde_,领取了满169减70元券
【用户领券】,1665552881907,2022-10-12 13:34:41,Mde_,领取了满169减70元券
【用户关注】,1665552885125,2022-10-12 13:34:45,jd_YjDQgoAefCFy
【实时弹幕】,1665552885209,2022-10-12 13:34:45,jd_YjDQgoAefCFy,领券下单更优惠
【用户正在购买】,1665552885458,2022-10-12 13:34:45,随遇而安202106,68号
【实时弹幕】,1665552893477,2022-10-12 13:34:53,Mde_,领券下单更优惠
【实时弹幕】,1665552895171,2022-10-12 13:34:55,jd_jnfUoJhfJuAW,领券下单更优惠
【用户领券】,1665552895333,2022-10-12 13:34:55,jd_YjDQgoAefCFy,领取了满169减70元券
【用户关注】,1665552907242,2022-10-12 13:35:07,anna517
【用户正在购买】,1665552920175,2022-10-12 13:35:20,jd_4b90a6a985b88,40号
【用户加入购物车】,1665552961097,2022-10-12 13:36:01,随遇而安202106,22号
【实时弹幕】,1665552970668,2022-10-12 13:36:10,jd_186981jqq,领券下单更优惠
【用户正在购买】,1665553007703,2022-10-12 13:36:47,随遇而安202106,138号
【主播推送商品】,1665553012199,2022-10-12 13:36:52,主播,123号
【用户加入购物车】,1665553018507,2022-10-12 13:36:58,随遇而安202106,Top
【用户正在购买】,1665553030442,2022-10-12 13:37:10,随遇而安202106,133号
【实时弹幕】,1665553068213,2022-10-12 13:37:48,jd_651527989,领券下单更优惠
【实时弹幕】,1665553082482,2022-10-12 13:38:02,太阳底下的鱼,领券下单更优惠
【用户关注】,1665553082611,2022-10-12 13:38:02,太阳底下的鱼
【主播推送商品】,1665553096083,2022-10-12 13:38:16,主播,123号
【用户领券】,1665553106558,2022-10-12 13:38:26,jd_674f7ba88f732,领取了满169减70元券
【用户领券】,1665553124025,2022-10-12 13:38:44,jd_674f7ba88f732,领取了满169减70元券
【用户领券】,1665553125514,2022-10-12 13:38:45,jd_674f7ba88f732,领取了满99减40元券
【主播推送商品】,1665553171405,2022-10-12 13:39:31,主播,123号
【用户加入购物车】,1665553198543,2022-10-12 13:39:58,anna517,135号
【用户正在购买】,1665553220677,2022-10-12 13:40:20,anna517,Top
【用户正在购买】,1665553225980,2022-10-12 13:40:25,jd_xkIqRzLOrSoD,11号
【实时弹幕】,1665553239766,2022-10-12 13:40:39,鱼宝贝636666,91号是今年新货吧
【主播推送商品】,1665553276082,2022-10-12 13:41:16,主播,91号
【用户正在购买】,1665553277540,2022-10-12 13:41:17,anna517,127号
【主播推送商品】,1665553317015,2022-10-12 13:41:57,主播,99号
【实时弹幕】,1665553330044,2022-10-12 13:42:10,鱼宝贝636666,91号松子是今年新货吗
【用户正在购买】,1665553351352,2022-10-12 13:42:31,永恒灬小洁,139号
【用户领券】,1665553353030,2022-10-12 13:42:33,鱼宝贝636666,领取了满169减70元券
【用户正在购买】,1665553366027,2022-10-12 13:42:46,鱼宝贝636666,137号
【用户正在购买】,1665553370308,2022-10-12 13:42:50,永恒灬小洁,139号
【用户正在购买】,1665553374841,2022-10-12 13:42:54,永恒灬小洁,Top
【主播推送商品】,1665553386581,2022-10-12 13:43:06,主播,99号
【实时弹幕】,1665553392156,2022-10-12 13:43:12,u_htcbpgorvkmk,领券下单更优惠
【实时弹幕】,1665553400523,2022-10-12 13:43:20,wang_rong8,香蕉片有吗？
【用户加入购物车】,1665553431877,2022-10-12 13:43:51,jd_1580792,137号
【用户正在购买】,1665553433471,2022-10-12 13:43:53,jd_1580792,137号
【实时弹幕】,1665553440713,2022-10-12 13:44:00,jd189077bpf,领券下单更优惠
【实时弹幕】,1665553442545,2022-10-12 13:44:02,永恒灬小洁,可以讲解139吗？
【实时弹幕】,1665553447654,2022-10-12 13:44:07,wang_rong8,好的，谢谢
【实时弹幕】,1665553449688,2022-10-12 13:44:09,鱼宝贝636666,137号妈妈版和青春版有什么区别
【用户正在购买】,1665553449861,2022-10-12 13:44:09,jd勤奋的好桃,135号
【实时弹幕】,1665553451126,2022-10-12 13:44:11,永恒灬小洁,领券下单更优惠
【用户关注】,1665553451221,2022-10-12 13:44:11,永恒灬小洁
【用户正在购买】,1665553466730,2022-10-12 13:44:26,jd勤奋的好桃,119号
【用户正在购买】,1665553489455,2022-10-12 13:44:49,jd勤奋的好桃,Top
【实时弹幕】,1665553499887,2022-10-12 13:44:59,鱼宝贝636666,👌
【用户加入购物车】,1665553503832,2022-10-12 13:45:03,jd勤奋的好桃,Top
【用户加入购物车】,1665553507184,2022-10-12 13:45:07,jd勤奋的好桃,Top
【用户领券】,1665553508211,2022-10-12 13:45:08,一叶孤舟暗漂渡,领取了满169减70元券
【主播推送商品】,1665553510713,2022-10-12 13:45:10,主播,139号
【用户加入购物车】,1665553511213,2022-10-12 13:45:11,jd勤奋的好桃,135号
【用户正在购买】,1665553512444,2022-10-12 13:45:12,jd勤奋的好桃,135号
【用户领券】,1665553512787,2022-10-12 13:45:12,一叶孤舟暗漂渡,领取了满99减40元券
【实时弹幕】,1665553517544,2022-10-12 13:45:17,鱼宝贝636666,买了很多
【实时弹幕】,1665553547573,2022-10-12 13:45:47,jd_137370tgh,领券下单更优惠
【实时弹幕】,1665553553690,2022-10-12 13:45:53,jd_159973tht,领券下单更优惠
【实时弹幕】,1665553556233,2022-10-12 13:45:56,jd_1389430776,领券下单更优惠
【实时弹幕】,1665553557738,2022-10-12 13:45:57,鱼宝贝636666,怎么抽
【实时弹幕】,1665553573356,2022-10-12 13:46:13,鱼宝贝636666,👌
【主播推送商品】,1665553591799,2022-10-12 13:46:31,主播,139号
【用户领券】,1665553682228,2022-10-12 13:48:02,tjguoguo,领取了满169减70元券
【实时弹幕】,1665553687932,2022-10-12 13:48:07,情感随笔,领券下单更优惠
【用户领券】,1665553690281,2022-10-12 13:48:10,tjguoguo,领取了满169减70元券
【用户正在购买】,1665553702964,2022-10-12 13:48:22,jd_185714tsz,129号
【用户领券】,1665553727195,2022-10-12 13:48:47,tjguoguo,领取了满169减70元券
【主播推送商品】,1665553731752,2022-10-12 13:48:51,主播,139号
【用户加入购物车】,1665553752629,2022-10-12 13:49:12,永恒灬小洁,139号
【用户正在购买】,1665553760270,2022-10-12 13:49:20,永恒灬小洁,139号
【实时弹幕】,1665553765422,2022-10-12 13:49:25,CYP151*****086,领券下单更优惠
【主播推送商品】,1665553772522,2022-10-12 13:49:32,主播,139号
【用户加入购物车】,1665553781078,2022-10-12 13:49:41,永恒灬小洁,139号
【用户正在购买】,1665553787777,2022-10-12 13:49:47,永恒灬小洁,139号
【用户正在购买】,1665553798409,2022-10-12 13:49:58,jd_185714tsz,125号
【主播推送商品】,1665553807826,2022-10-12 13:50:07,主播,139号
【用户正在购买】,1665553814849,2022-10-12 13:50:14,jd_185714tsz,125号
【实时弹幕】,1665553831279,2022-10-12 13:50:31,jd_NSTBaPooDPHe,领券下单更优惠
【实时弹幕】,1665553855903,2022-10-12 13:50:55,黄金雄狮艾奥利亚,领券下单更优惠
【用户关注】,1665553856009,2022-10-12 13:50:56,黄金雄狮艾奥利亚
【用户正在购买】,1665553860218,2022-10-12 13:51:00,jd_185714tsz,124号
【用户领券】,1665553866026,2022-10-12 13:51:06,永恒灬小洁,领取了满169减70元券
【用户正在购买】,1665553867801,2022-10-12 13:51:07,永恒灬小洁,139号
【用户领券】,1665553900314,2022-10-12 13:51:40,随风少爺,领取了满169减70元券
【用户领券】,1665553905785,2022-10-12 13:51:45,随风少爺,领取了满99减40元券
【实时弹幕】,1665553941238,2022-10-12 13:52:21,zt1562689780,领券下单更优惠
【实时弹幕】,1665553953099,2022-10-12 13:52:33,jd_151432gre,一箱多少包
【用户领券】,1665553953613,2022-10-12 13:52:33,zt1562689780,领取了满169减70元券
【用户领券】,1665553955728,2022-10-12 13:52:35,zt1562689780,领取了满99减40元券
【实时弹幕】,1665553963854,2022-10-12 13:52:43,永恒灬小洁,139号付款需要支付104元
【用户领券】,1665553971379,2022-10-12 13:52:51,zt1562689780,领取了满169减70元券
【用户正在购买】,1665553971483,2022-10-12 13:52:51,jd_151432gre,135号
【实时弹幕】,1665553980015,2022-10-12 13:53:00,jd_7215d089509db,领券下单更优惠
【实时弹幕】,1665553983173,2022-10-12 13:53:03,橘园美术馆,领券下单更优惠
【用户正在购买】,1665553985934,2022-10-12 13:53:05,jd_151432gre,135号
【用户正在购买】,1665553992329,2022-10-12 13:53:12,jd_151432gre,135号
【实时弹幕】,1665553998044,2022-10-12 13:53:18,永恒灬小洁,好
【实时弹幕】,1665554015283,2022-10-12 13:53:35,jd_151432gre,面包
【用户正在购买】,1665554017377,2022-10-12 13:53:37,随风少爺,30号
【实时弹幕】,1665554022750,2022-10-12 13:53:42,jd_151432gre,黑麦全麦
【用户加入购物车】,1665554028443,2022-10-12 13:53:48,jd_53cb919ca5b71,137号
【实时弹幕】,1665554035281,2022-10-12 13:53:55,jd_151432gre,黑麦全麦
【用户正在购买】,1665554040574,2022-10-12 13:54:00,jd_53cb919ca5b71,125号
【用户加入购物车】,1665554040745,2022-10-12 13:54:00,随风少爺,30号
【用户正在购买】,1665554047260,2022-10-12 13:54:07,jd_53cb919ca5b71,124号
【实时弹幕】,1665554050949,2022-10-12 13:54:10,鱼宝贝636666,从直播间下单几款是先加购到购物车然后再下单付款？
【用户正在购买】,1665554058001,2022-10-12 13:54:18,随风少爺,126号
【用户正在购买】,1665554060633,2022-10-12 13:54:20,jd_sZIez5AhzOOXDlq,139号
【用户加入购物车】,1665554071544,2022-10-12 13:54:31,鱼宝贝636666,91号
【用户加入购物车】,1665554103475,2022-10-12 13:55:03,鱼宝贝636666,137号
【用户正在购买】,1665554103846,2022-10-12 13:55:03,随风少爺,98号
【主播发优惠券】,1665554121970,2022-10-12 13:55:21,主播,70
【实时弹幕】,1665554136307,2022-10-12 13:55:36,鱼宝贝636666,锅巴在几号
【主播发优惠券】,1665554158458,2022-10-12 13:55:58,主播,40
【用户关注】,1665554160927,2022-10-12 13:56:00,鱼宝贝636666
【用户加入购物车】,1665554161099,2022-10-12 13:56:01,永恒灬小洁,139号
【用户正在购买】,1665554163451,2022-10-12 13:56:03,永恒灬小洁,139号
【用户关注】,1665554163536,2022-10-12 13:56:03,jd_138892kch
【用户加入购物车】,1665554229547,2022-10-12 13:57:09,鱼宝贝636666,91号
【用户正在购买】,1665554253021,2022-10-12 13:57:33,良品铺子的鹅,139号
【实时弹幕】,1665554260070,2022-10-12 13:57:40,1002569069bhu,领券下单更优惠
【主播发优惠券】,1665554264187,2022-10-12 13:57:44,主播,70
【用户关注】,1665554266218,2022-10-12 13:57:46,jd_159480fbm
【用户加入购物车】,1665554272052,2022-10-12 13:57:52,鱼宝贝636666,70号
【用户加入购物车】,1665554279851,2022-10-12 13:57:59,jd_159480fbm,134号
【主播推送商品】,1665554281556,2022-10-12 13:58:01,主播,Top
【用户加入购物车】,1665554282849,2022-10-12 13:58:02,鱼宝贝636666,70号
【用户加入购物车】,1665554283647,2022-10-12 13:58:03,jd_159480fbm,134号
【实时弹幕】,1665554294852,2022-10-12 13:58:14,u_6xbm3f2xo98c,松籽是今年的新的吗
【用户正在购买】,1665554297478,2022-10-12 13:58:17,jd_159480fbm,133号
【用户正在购买】,1665554320948,2022-10-12 13:58:40,jd_159480fbm,127号
【用户正在购买】,1665554332381,2022-10-12 13:58:52,jd_159480fbm,121号
【主播推送商品】,1665554333912,2022-10-12 13:58:53,主播,Top
【用户领券】,1665554344727,2022-10-12 13:59:04,随风少爺,领取了满169减70元券
【用户领券】,1665554346841,2022-10-12 13:59:06,随风少爺,领取了满169减70元券
【实时弹幕】,1665554350206,2022-10-12 13:59:10,wdRhEzohnJYQoW,领券下单更优惠
【用户关注】,1665554350289,2022-10-12 13:59:10,wdRhEzohnJYQoW
【用户正在购买】,1665554365650,2022-10-12 13:59:25,jd_159480fbm,95号
【实时弹幕】,1665554385886,2022-10-12 13:59:45,jd_oMCYOyiLfbTn,领券下单更优惠
【实时弹幕】,1665554390129,2022-10-12 13:59:50,18好运来lai,领券下单更优惠
【用户关注】,1665554390310,2022-10-12 13:59:50,18好运来lai
【用户正在购买】,1665554406658,2022-10-12 14:00:06,jd_159480fbm,71号
【主播推送商品】,1665554428092,2022-10-12 14:00:28,主播,Top
【用户正在购买】,1665554430927,2022-10-12 14:00:30,jd_159480fbm,47号
【实时弹幕】,1665554445918,2022-10-12 14:00:45,jd_451150890,领券下单更优惠
【实时弹幕】,1665554455968,2022-10-12 14:00:55,jd有容奶大,领券下单更优惠
【用户正在购买】,1665554463578,2022-10-12 14:01:03,jd_67396e6539f1e,125号
【用户正在购买】,1665554469043,2022-10-12 14:01:09,jd_159480fbm,139号
【用户领券】,1665554478880,2022-10-12 14:01:18,jd_451150890,领取了满169减70元券
【用户领券】,1665554482505,2022-10-12 14:01:22,jd_451150890,领取了满169减70元券
【主播推送商品】,1665554503161,2022-10-12 14:01:43,主播,Top
【用户正在购买】,1665554539044,2022-10-12 14:02:19,良品铺子的鹅,139号
【用户正在购买】,1665554547208,2022-10-12 14:02:27,jd_159480fbm,133号
【用户加入购物车】,1665554587583,2022-10-12 14:03:07,永恒灬小洁,Top
【用户正在购买】,1665554590293,2022-10-12 14:03:10,永恒灬小洁,Top
【用户加入购物车】,1665554592560,2022-10-12 14:03:12,jd_159480fbm,133号
【用户正在购买】,1665554607729,2022-10-12 14:03:27,jd_67396e6539f1e,125号
【实时弹幕】,1665554608466,2022-10-12 14:03:28,jd_159480fbm,133号
【实时弹幕】,1665554615661,2022-10-12 14:03:35,jd_159480fbm,讲一下
【用户正在购买】,1665554617463,2022-10-12 14:03:37,jd_183029wqzy,130号
【用户正在购买】,1665554640998,2022-10-12 14:04:00,jd_159480fbm,134号
【用户正在购买】,1665554649149,2022-10-12 14:04:09,jd_159480fbm,134号
【用户正在购买】,1665554664023,2022-10-12 14:04:24,永恒灬小洁,125号
【实时弹幕】,1665554677251,2022-10-12 14:04:37,jd_159480fbm,133号口味好几种是不
【实时弹幕】,1665554697795,2022-10-12 14:04:57,jd_159480fbm,哪个好吃
【主播推送商品】,1665554701268,2022-10-12 14:05:01,主播,133号
【实时弹幕】,1665554713218,2022-10-12 14:05:13,jd_159480fbm,知道了
【用户正在购买】,1665554720431,2022-10-12 14:05:20,jd_159480fbm,139号
【用户正在购买】,1665554737118,2022-10-12 14:05:37,jd_76967b96e26c1,91号
【用户加入购物车】,1665554743027,2022-10-12 14:05:43,永恒灬小洁,15号
【用户正在购买】,1665554746276,2022-10-12 14:05:46,良品铺子的鹅,139号
【实时弹幕】,1665554756291,2022-10-12 14:05:56,jd_erPFrJLpOnbS,西瓜子链接
【用户正在购买】,1665554759041,2022-10-12 14:05:59,jd_159480fbm,121号
【实时弹幕】,1665554772561,2022-10-12 14:06:12,sharky12,领券下单更优惠
【用户加入购物车】,1665554780315,2022-10-12 14:06:20,jd_76967b96e26c1,91号
【用户正在购买】,1665554782026,2022-10-12 14:06:22,jd_159480fbm,96号
【用户正在购买】,1665554783286,2022-10-12 14:06:23,jd_76967b96e26c1,91号
【用户正在购买】,1665554786290,2022-10-12 14:06:26,jd_159480fbm,94号
【实时弹幕】,1665554786806,2022-10-12 14:06:26,jd_erPFrJLpOnbS,专区有
【用户正在购买】,1665554805373,2022-10-12 14:06:45,jd_159480fbm,84号
【实时弹幕】,1665554820191,2022-10-12 14:07:00,jd_erPFrJLpOnbS,优惠券哪里领
【用户正在购买】,1665554825204,2022-10-12 14:07:05,jd_159480fbm,75号
【用户正在购买】,1665554832206,2022-10-12 14:07:12,jd_159480fbm,74号
【用户加入购物车】,1665554834000,2022-10-12 14:07:14,永恒灬小洁,15号
【用户正在购买】,1665554836334,2022-10-12 14:07:16,永恒灬小洁,15号
【用户领券】,1665554848694,2022-10-12 14:07:28,jd_erPFrJLpOnbS,领取了满99减40元券
【用户正在购买】,1665554851909,2022-10-12 14:07:31,jd_PENGFENG,138号
【实时弹幕】,1665554858516,2022-10-12 14:07:38,jd_qRpJeccEaLPt,领券下单更优惠
【用户加入购物车】,1665554859163,2022-10-12 14:07:39,永恒灬小洁,15号
【用户正在购买】,1665554860440,2022-10-12 14:07:40,jd_159480fbm,03号
【用户领券】,1665554860527,2022-10-12 14:07:40,jd_erPFrJLpOnbS,领取了满169减70元券
【用户正在购买】,1665554861767,2022-10-12 14:07:41,永恒灬小洁,15号
【实时弹幕】,1665554869840,2022-10-12 14:07:49,Y-Lucky-1,有什么优惠吗
【用户加入购物车】,1665554908090,2022-10-12 14:08:28,永恒灬小洁,139号
【实时弹幕】,1665554910852,2022-10-12 14:08:30,1352058868hy,领券下单更优惠
【用户领券】,1665554916548,2022-10-12 14:08:36,zxy为爱而活,领取了满169减70元券
【用户加入购物车】,1665554920696,2022-10-12 14:08:40,永恒灬小洁,15号
【用户正在购买】,1665554926174,2022-10-12 14:08:46,永恒灬小洁,15号
【用户正在购买】,1665554931268,2022-10-12 14:08:51,jd_qRpJeccEaLPt,135号
【实时弹幕】,1665554939081,2022-10-12 14:08:59,19331611q,领券下单更优惠
【用户正在购买】,1665554964185,2022-10-12 14:09:24,JRSD_tAqVu9192,41号
【用户正在购买】,1665554987843,2022-10-12 14:09:47,jd_qRpJeccEaLPt,135号
【用户正在购买】,1665555014760,2022-10-12 14:10:14,再没有不期而遇,139号
【用户正在购买】,1665555043168,2022-10-12 14:10:43,再没有不期而遇,139号
【用户分享直播间】,1665555053429,2022-10-12 14:10:53,却有强劲的大脑
【主播推送商品】,1665555065965,2022-10-12 14:11:05,主播,137号
【实时弹幕】,1665555088778,2022-10-12 14:11:28,jd_674223,领券下单更优惠
【主播推送商品】,1665555166108,2022-10-12 14:12:46,主播,137号
【用户分享直播间】,1665555177875,2022-10-12 14:12:57,wang_wxq2015
【实时弹幕】,1665555252630,2022-10-12 14:14:12,leslie69,领券下单更优惠
【主播推送商品】,1665555283815,2022-10-12 14:14:43,主播,137号
【实时弹幕】,1665555320463,2022-10-12 14:15:20,蜀山剑侠嘉西亚,领券下单更优惠
【主播推送商品】,1665555346196,2022-10-12 14:15:46,主播,137号
【用户正在购买】,1665555357659,2022-10-12 14:15:57,jd_aWHPThbrDRPw,135号
【用户加入购物车】,1665555379438,2022-10-12 14:16:19,jd_aWHPThbrDRPw,135号
【用户正在购买】,1665555395610,2022-10-12 14:16:35,u_os6k2lq2bnp3,71号
【用户领券】,1665555402963,2022-10-12 14:16:42,HZ_华灼,领取了满169减70元券
【用户正在购买】,1665555407849,2022-10-12 14:16:47,u_os6k2lq2bnp3,53号
【用户正在购买】,1665555414862,2022-10-12 14:16:54,jd_aWHPThbrDRPw,135号
【用户加入购物车】,1665555416772,2022-10-12 14:16:56,jd_137008vyo,Top
【实时弹幕】,1665555420222,2022-10-12 14:17:00,jd_136312gwr,领券下单更优惠
【用户加入购物车】,1665555423325,2022-10-12 14:17:03,jd_137008vyo,Top
【实时弹幕】,1665555443932,2022-10-12 14:17:23,jd_151965shp,领券下单更优惠
【用户关注】,1665555444009,2022-10-12 14:17:24,jd_151965shp
【主播推送商品】,1665555445215,2022-10-12 14:17:25,主播,137号
【用户正在购买】,1665555452051,2022-10-12 14:17:32,u_os6k2lq2bnp3,137号
【用户加入购物车】,1665555455362,2022-10-12 14:17:35,jd_4c7e197090ca3,118号
【用户进入店铺】,1665555458839,2022-10-12 14:17:38,jd_4c7e197090ca3,1000006804
【用户加入购物车】,1665555461022,2022-10-12 14:17:41,jd_IsTQUxxdEphn,Top
【用户加入购物车】,1665555463363,2022-10-12 14:17:43,jd_IsTQUxxdEphn,Top
【用户领券】,1665555466994,2022-10-12 14:17:46,jd_4c7e197090ca3,领取了满99减40元券
【用户正在购买】,1665555493182,2022-10-12 14:18:13,jd_4c7e197090ca3,137号
【用户正在购买】,1665555535917,2022-10-12 14:18:55,jd_4c7e197090ca3,89号
【用户领券】,1665555537639,2022-10-12 14:18:57,jd_eFycxHrHNnHn,领取了满169减70元券
【用户领券】,1665555537680,2022-10-12 14:18:57,jd_eFycxHrHNnHn,领取了满169减70元券
【用户领券】,1665555537681,2022-10-12 14:18:57,jd_eFycxHrHNnHn,领取了满169减70元券
【用户加入购物车】,1665555543432,2022-10-12 14:19:03,jd_eFycxHrHNnHn,134号
【主播推送商品】,1665555546159,2022-10-12 14:19:06,主播,Top
【用户加入购物车】,1665555546609,2022-10-12 14:19:06,jd_eFycxHrHNnHn,134号
【实时弹幕】,1665555548295,2022-10-12 14:19:08,NUibmUFJPnfm,领券下单更优惠
【用户加入购物车】,1665555562233,2022-10-12 14:19:22,jd_4c7e197090ca3,72号
【实时弹幕】,1665555567154,2022-10-12 14:19:27,jd_4f22137ed2e1c,领券下单更优惠
【用户正在购买】,1665555576792,2022-10-12 14:19:36,jd_4c7e197090ca3,47号
【实时弹幕】,1665555587555,2022-10-12 14:19:47,jd_yuer690,领券下单更优惠
【用户加入购物车】,1665555587870,2022-10-12 14:19:47,jd_eFycxHrHNnHn,51号
【用户加入购物车】,1665555598192,2022-10-12 14:19:58,jd_4c7e197090ca3,04号
【实时弹幕】,1665555637965,2022-10-12 14:20:37,u_os6k2lq2bnp3,领券下单更优惠
【用户关注】,1665555638056,2022-10-12 14:20:38,u_os6k2lq2bnp3
【用户领券】,1665555664652,2022-10-12 14:21:04,jd_134174309,领取了满169减70元券
【用户领券】,1665555667783,2022-10-12 14:21:07,jd_134174309,领取了满99减40元券
【用户正在购买】,1665555683442,2022-10-12 14:21:23,u_os6k2lq2bnp3,Top
【用户加入购物车】,1665555700361,2022-10-12 14:21:40,jd_134174309,106号
【用户关注】,1665555720224,2022-10-12 14:22:00,jd_134174309
【主播推送商品】,1665555727619,2022-10-12 14:22:07,主播,Top
【实时弹幕】,1665555732586,2022-10-12 14:22:12,刘家大仙翁,领券下单更优惠
【主播推送商品】,1665555753807,2022-10-12 14:22:33,主播,135号
【用户正在购买】,1665555758916,2022-10-12 14:22:38,晓东东东-,Top
【实时弹幕】,1665555798231,2022-10-12 14:23:18,u_y7pyzualrsaj,领券下单更优惠
【用户加入购物车】,1665555814067,2022-10-12 14:23:34,jd_cPJujsTdNgEz,104号
【用户正在购买】,1665555834258,2022-10-12 14:23:54,jd_sdsPKpXKkddX,135号
【主播推送商品】,1665555838153,2022-10-12 14:23:58,主播,135号
【用户加入购物车】,1665555844713,2022-10-12 14:24:04,jd_sdsPKpXKkddX,135号
【用户加入购物车】,1665555854834,2022-10-12 14:24:14,jd_sdsPKpXKkddX,135号
【用户分享直播间】,1665555873752,2022-10-12 14:24:33,jd_FRInPGRsVUSJ
【实时弹幕】,1665555878284,2022-10-12 14:24:38,jd_FRInPGRsVUSJ,领券下单更优惠
【主播推送商品】,1665555889381,2022-10-12 14:24:49,主播,135号
【用户正在购买】,1665555902070,2022-10-12 14:25:02,jd_sdsPKpXKkddX,22号
【用户正在购买】,1665555915055,2022-10-12 14:25:15,ferxue,138号
【实时弹幕】,1665555931059,2022-10-12 14:25:31,jd_sdsPKpXKkddX,领券下单更优惠
【用户领券】,1665555962839,2022-10-12 14:26:02,jd_sdsPKpXKkddX,领取了满169减70元券
【用户领券】,1665555964544,2022-10-12 14:26:04,jd_sdsPKpXKkddX,领取了满99减40元券
【实时弹幕】,1665555968385,2022-10-12 14:26:08,jd_6b3249ef24dcf,领券下单更优惠
【实时弹幕】,1665556000979,2022-10-12 14:26:40,jd_sdsPKpXKkddX,松子
【用户加入购物车】,1665556044128,2022-10-12 14:27:24,jd_sdsPKpXKkddX,91号
【实时弹幕】,1665556047529,2022-10-12 14:27:27,jd_100352590,单独包装的面包推荐两款
【主播推送商品】,1665556058181,2022-10-12 14:27:38,主播,135号
【实时弹幕】,1665556074192,2022-10-12 14:27:54,jd_568ccd57193d5,领券下单更优惠
【实时弹幕】,1665556075487,2022-10-12 14:27:55,jd_100352590,大学生早餐
【用户正在购买】,1665556081509,2022-10-12 14:28:01,u_awmupqbc34i4,98号
【实时弹幕】,1665556104045,2022-10-12 14:28:24,jd_100352590,南瓜那个什么的，是独立包装的吗？
【用户正在购买】,1665556120570,2022-10-12 14:28:40,jd_sdsPKpXKkddX,81号
【实时弹幕】,1665556137335,2022-10-12 14:28:57,jd_100352590,好的我进去看看
【用户正在购买】,1665556144648,2022-10-12 14:29:04,嘉胤1990,139号
【用户领券】,1665556172996,2022-10-12 14:29:32,u_baczsqd5za8u,领取了满169减70元券
【实时弹幕】,1665556175946,2022-10-12 14:29:35,jd_139629pwj,领券下单更优惠
【实时弹幕】,1665556182605,2022-10-12 14:29:42,jd_138040jdks,领券下单更优惠
【用户正在购买】,1665556190227,2022-10-12 14:29:50,jd_sdsPKpXKkddX,80号
【用户领券】,1665556192673,2022-10-12 14:29:52,u_baczsqd5za8u,领取了满99减40元券
【用户领券】,1665556202398,2022-10-12 14:30:02,jd_sdsPKpXKkddX,领取了满169减70元券
【用户领券】,1665556206601,2022-10-12 14:30:06,jd_sdsPKpXKkddX,领取了满99减40元券
【用户加入购物车】,1665556234071,2022-10-12 14:30:34,jd_iNpuOFIeDaIO,139号
【用户正在购买】,1665556237207,2022-10-12 14:30:37,jd_100352590,119号
【用户领券】,1665556280030,2022-10-12 14:31:20,谢先生他姓谢,领取了满169减70元券
【用户正在购买】,1665556285857,2022-10-12 14:31:25,jd_100352590,118号
【用户正在购买】,1665556286697,2022-10-12 14:31:26,jd_45e847d0e7fa9,138号
【用户领券】,1665556300932,2022-10-12 14:31:40,jd_177625dfz,领取了满169减70元券
【用户领券】,1665556302981,2022-10-12 14:31:42,jd_177625dfz,领取了满99减40元券
【用户领券】,1665556305620,2022-10-12 14:31:45,jd_177625dfz,领取了满20减5元券
【用户领券】,1665556312483,2022-10-12 14:31:52,jd_mpAhLNXCnxQW,领取了满169减70元券
【用户加入购物车】,1665556319082,2022-10-12 14:31:59,jd_177625dfz,Top
【用户正在购买】,1665556319771,2022-10-12 14:31:59,jd_mpAhLNXCnxQW,138号
【实时弹幕】,1665556329293,2022-10-12 14:32:09,jd_177625dfz,领券下单更优惠
【主播推送商品】,1665556376492,2022-10-12 14:32:56,主播,138号
【用户领券】,1665556379364,2022-10-12 14:32:59,LRY-0108_,领取了满99减40元券
【用户领券】,1665556382539,2022-10-12 14:33:02,LRY-0108_,领取了满169减70元券
【用户正在购买】,1665556383339,2022-10-12 14:33:03,LRY-0108_,138号
【实时弹幕】,1665556393269,2022-10-12 14:33:13,ryzen000000,领券下单更优惠
【用户加入购物车】,1665556399612,2022-10-12 14:33:19,wsm854115,138号
【用户正在购买】,1665556401980,2022-10-12 14:33:21,wsm854115,138号
【实时弹幕】,1665556414539,2022-10-12 14:33:34,jd_GAiaXBoOnQMX,领券下单更优惠
【用户关注】,1665556414592,2022-10-12 14:33:34,jd_GAiaXBoOnQMX
【实时弹幕】,1665556423873,2022-10-12 14:33:43,jd_100352590,枣加核桃一箱子大概多少个
【用户正在购买】,1665556441525,2022-10-12 14:34:01,jd_wJjeFMUoXQWS,129号
【用户正在购买】,1665556443494,2022-10-12 14:34:03,wsm854115,138号
【用户正在购买】,1665556446593,2022-10-12 14:34:06,jd_wJjeFMUoXQWS,128号
【实时弹幕】,1665556461005,2022-10-12 14:34:21,MyMotherland,领券下单更优惠
【用户正在购买】,1665556477554,2022-10-12 14:34:37,wsm854115,138号
【实时弹幕】,1665556487054,2022-10-12 14:34:47,jd_100352590,谢谢，好的
【用户加入购物车】,1665556500655,2022-10-12 14:35:00,jd_100352590,Top
【实时弹幕】,1665556503448,2022-10-12 14:35:03,jd_wJjeFMUoXQWS,128号链接的果干礼盒可以看看吗
【主播推送商品】,1665556527639,2022-10-12 14:35:27,主播,128号
【实时弹幕】,1665556531219,2022-10-12 14:35:31,jd_KCSBggSvCNxp,领券下单更优惠
【用户正在购买】,1665556541410,2022-10-12 14:35:41,jd_wJjeFMUoXQWS,128号
【用户领券】,1665556544193,2022-10-12 14:35:44,jd_KCSBggSvCNxp,领取了满169减70元券
【用户领券】,1665556547188,2022-10-12 14:35:47,jd_KCSBggSvCNxp,领取了满99减40元券
【实时弹幕】,1665556567442,2022-10-12 14:36:07,小花猫1221,领券下单更优惠
【实时弹幕】,1665556568761,2022-10-12 14:36:08,jd_wJjeFMUoXQWS,是呦小聚的
【用户加入购物车】,1665556588983,2022-10-12 14:36:28,jd_wJjeFMUoXQWS,128号
【用户正在购买】,1665556590539,2022-10-12 14:36:30,jd_wJjeFMUoXQWS,128号
【实时弹幕】,1665556596696,2022-10-12 14:36:36,真流星飞舞,领券下单更优惠
【用户正在购买】,1665556618290,2022-10-12 14:36:58,jd_100352590,126号
【主播推送商品】,1665556637047,2022-10-12 14:37:17,主播,99号
【用户正在购买】,1665556670207,2022-10-12 14:37:50,mis文文,138号
【用户正在购买】,1665556670805,2022-10-12 14:37:50,佑沉,48号
【用户正在购买】,1665556674542,2022-10-12 14:37:54,mis文文,139号
【用户正在购买】,1665556678781,2022-10-12 14:37:58,mis文文,138号
【用户正在购买】,1665556691994,2022-10-12 14:38:11,mis文文,133号
【用户领券】,1665556693530,2022-10-12 14:38:13,jd_468223,领取了满169减70元券
【用户正在购买】,1665556699506,2022-10-12 14:38:19,mis文文,133号
【实时弹幕】,1665556706271,2022-10-12 14:38:26,主播小初MM,❤ 亲 们  ～ 主 播 专 属 满 减 劵 和 活 动十粉丝🆀🆀-㪊➪444-2OO-7O7💖💖
【实时弹幕】,1665556709088,2022-10-12 14:38:29,主播小初MM,❤ 亲 们  ～ 主 播 专 属 满 减 劵 和 活 动十粉丝🆀🆀-㪊➪444-2OO-7O7💖💖
【用户领券】,1665556711203,2022-10-12 14:38:31,jd_468223,领取了满99减40元券
【用户领券】,1665556712380,2022-10-12 14:38:32,jd_187552eou,领取了满169减70元券
【用户正在购买】,1665556718103,2022-10-12 14:38:38,mis文文,132号
【实时弹幕】,1665556721772,2022-10-12 14:38:41,jd_wJjeFMUoXQWS,第二个没有草莓干吗
【用户正在购买】,1665556722667,2022-10-12 14:38:42,mis文文,130号
【用户正在购买】,1665556722978,2022-10-12 14:38:42,jd_468223,135号
【用户领券】,1665556731106,2022-10-12 14:38:51,jd_187552eou,领取了满99减40元券
【实时弹幕】,1665556738149,2022-10-12 14:38:58,jd_187552eou,领券下单更优惠
【用户关注】,1665556738226,2022-10-12 14:38:58,jd_187552eou
【用户正在购买】,1665556748791,2022-10-12 14:39:08,jd_468223,117号
【实时弹幕】,1665556750843,2022-10-12 14:39:10,jd_wJjeFMUoXQWS,几号链接有草莓干
【用户正在购买】,1665556758052,2022-10-12 14:39:18,jd_468223,103号
【用户正在购买】,1665556762458,2022-10-12 14:39:22,jd_wJjeFMUoXQWS,99号
【用户正在购买】,1665556763646,2022-10-12 14:39:23,mis文文,129号
【用户正在购买】,1665556768787,2022-10-12 14:39:28,jd_468223,76号
【用户加入购物车】,1665556769338,2022-10-12 14:39:29,刘维德LWD,Top
【用户正在购买】,1665556773522,2022-10-12 14:39:33,灬咸蛋丶超人,138号
【用户加入购物车】,1665556789238,2022-10-12 14:39:49,刘维德LWD,120号
【用户加入购物车】,1665556794152,2022-10-12 14:39:54,刘维德LWD,118号
【用户正在购买】,1665556809851,2022-10-12 14:40:09,jd_468223,66号
【用户正在购买】,1665556816901,2022-10-12 14:40:16,mis文文,128号
【用户加入购物车】,1665556819626,2022-10-12 14:40:19,刘维德LWD,92号
【用户正在购买】,1665556827833,2022-10-12 14:40:27,jd_183556rub,132号
【用户领券】,1665556829200,2022-10-12 14:40:29,jd_AADWOUlxoygd,领取了满169减70元券
【用户正在购买】,1665556836868,2022-10-12 14:40:36,mis文文,115号
【用户领券】,1665556837567,2022-10-12 14:40:37,jd_AADWOUlxoygd,领取了满99减40元券
【用户正在购买】,1665556843450,2022-10-12 14:40:43,mis文文,114号
【实时弹幕】,1665556844781,2022-10-12 14:40:44,jd_100352590,麻烦主播，我还想问问风干牛肉干一箱子多少个，商品详情看不到，因为要搭配着分
【用户正在购买】,1665556849326,2022-10-12 14:40:49,mis文文,110号
【用户正在购买】,1665556854884,2022-10-12 14:40:54,mis文文,109号
【用户加入购物车】,1665556867914,2022-10-12 14:41:07,刘维德LWD,22号
【实时弹幕】,1665556869678,2022-10-12 14:41:09,jd_100352590,内蒙古的
【用户正在购买】,1665556875316,2022-10-12 14:41:15,再没有不期而遇,126号
【用户加入购物车】,1665556875391,2022-10-12 14:41:15,刘维德LWD,27号
【实时弹幕】,1665556876094,2022-10-12 14:41:16,jd_100352590,99元的
【实时弹幕】,1665556879979,2022-10-12 14:41:19,jd_100352590,对对
【用户正在购买】,1665556884622,2022-10-12 14:41:24,mis文文,129号
【用户加入购物车】,1665556887245,2022-10-12 14:41:27,刘维德LWD,37号
【用户正在购买】,1665556893713,2022-10-12 14:41:33,stupid_bitch,126号
【用户加入购物车】,1665556907561,2022-10-12 14:41:47,刘维德LWD,52号
【用户正在购买】,1665556908195,2022-10-12 14:41:48,mis文文,138号
【用户加入购物车】,1665556912094,2022-10-12 14:41:52,jd_100352590,126号
【用户加入购物车】,1665556912853,2022-10-12 14:41:52,刘维德LWD,56号
【实时弹幕】,1665556919157,2022-10-12 14:41:59,jd_100352590,126号
【用户领券】,1665556922438,2022-10-12 14:42:02,jd_43825d2232073,领取了满169减70元券
【实时弹幕】,1665556926099,2022-10-12 14:42:06,我心飞翔0229,领券下单更优惠
【实时弹幕】,1665556926590,2022-10-12 14:42:06,huye1209,领券下单更优惠
【用户正在购买】,1665556927426,2022-10-12 14:42:07,mis文文,138号
【用户关注】,1665556934906,2022-10-12 14:42:14,jd_100352590
【用户正在购买】,1665556937258,2022-10-12 14:42:17,mis文文,131号
【用户加入购物车】,1665556939658,2022-10-12 14:42:19,刘维德LWD,103号
【用户正在购买】,1665556946613,2022-10-12 14:42:26,jd_43825d2232073,139号
【用户关注】,1665556955896,2022-10-12 14:42:35,jd_183556rub
【用户关注】,1665556974375,2022-10-12 14:42:54,mis文文
【用户正在购买】,1665556975101,2022-10-12 14:42:55,mis文文,129号
【实时弹幕】,1665556996932,2022-10-12 14:43:16,Kkkkkkkkkkkkke,领券下单更优惠
【用户关注】,1665556997019,2022-10-12 14:43:17,Kkkkkkkkkkkkke
【用户加入购物车】,1665557006456,2022-10-12 14:43:26,jd_183556rub,132号
【用户正在购买】,1665557008400,2022-10-12 14:43:28,jd_183556rub,132号
【实时弹幕】,1665557091667,2022-10-12 14:44:51,常葆淖尔,领券下单更优惠
【用户正在购买】,1665557128254,2022-10-12 14:45:28,jd_100352590,61号
【实时弹幕】,1665557145911,2022-10-12 14:45:45,jd_130840afx,领券下单更优惠
【用户正在购买】,1665557200097,2022-10-12 14:46:40,jd_183556rub,111号
【用户正在购买】,1665557208316,2022-10-12 14:46:48,jd_183556rub,109号
【用户正在购买】,1665557220593,2022-10-12 14:47:00,jd_183556rub,109号
【实时弹幕】,1665557221317,2022-10-12 14:47:01,jd_139163tly,领券下单更优惠
【用户正在购买】,1665557247385,2022-10-12 14:47:27,jd_183556rub,103号
【用户正在购买】,1665557253362,2022-10-12 14:47:33,jd_183556rub,104号
【用户正在购买】,1665557278458,2022-10-12 14:47:58,jd_183556rub,101号
【用户正在购买】,1665557294722,2022-10-12 14:48:14,jd_183556rub,98号
【用户正在购买】,1665557304120,2022-10-12 14:48:24,jd_183556rub,98号
【用户正在购买】,1665557329198,2022-10-12 14:48:49,jd_183556rub,91号
【用户正在购买】,1665557332634,2022-10-12 14:48:52,jd_183556rub,91号
【用户正在购买】,1665557340058,2022-10-12 14:49:00,jd_183556rub,90号
【用户正在购买】,1665557349430,2022-10-12 14:49:09,jd_183556rub,89号
【实时弹幕】,1665557372115,2022-10-12 14:49:32,jd_100352590,这个是几号
【用户正在购买】,1665557391039,2022-10-12 14:49:51,RaceAgainstTime,135号
【用户正在购买】,1665557426626,2022-10-12 14:50:26,jd_uddWRCNjHfoR,134号
【用户正在购买】,1665557436345,2022-10-12 14:50:36,jd_100352590,123号
【用户正在购买】,1665557467597,2022-10-12 14:51:07,良品铺子的鹅,139号
【用户正在购买】,1665557469904,2022-10-12 14:51:09,良品铺子的鹅,138号
【用户正在购买】,1665557471865,2022-10-12 14:51:11,良品铺子的鹅,138号
【用户正在购买】,1665557472626,2022-10-12 14:51:12,宝贝谢995,123号
【用户正在购买】,1665557474694,2022-10-12 14:51:14,良品铺子的鹅,137号
【用户正在购买】,1665557478024,2022-10-12 14:51:18,良品铺子的鹅,135号
【用户正在购买】,1665557480329,2022-10-12 14:51:20,良品铺子的鹅,134号
【用户正在购买】,1665557483539,2022-10-12 14:51:23,良品铺子的鹅,134号
【用户正在购买】,1665557552778,2022-10-12 14:52:32,良品铺子的鹅,134号
【实时弹幕】,1665557556957,2022-10-12 14:52:36,jd_135004xvy,领券下单更优惠
【用户领券】,1665557562055,2022-10-12 14:52:42,hgzlhy,领取了满169减70元券
【用户加入购物车】,1665557572542,2022-10-12 14:52:52,hgzlhy,Top
【用户正在购买】,1665557583324,2022-10-12 14:53:03,良品铺子的鹅,132号
【用户正在购买】,1665557584099,2022-10-12 14:53:04,hgzlhy,137号
【用户正在购买】,1665557597388,2022-10-12 14:53:17,良品铺子的鹅,117号
【用户正在购买】,1665557615288,2022-10-12 14:53:35,良品铺子的鹅,101号
【用户正在购买】,1665557618796,2022-10-12 14:53:38,良品铺子的鹅,101号
【用户领券】,1665557632519,2022-10-12 14:53:52,xcdyzh111,领取了满169减70元券
【用户加入购物车】,1665557637452,2022-10-12 14:53:57,hgzlhy,118号
【用户正在购买】,1665557638788,2022-10-12 14:53:58,xcdyzh111,139号
【实时弹幕】,1665557651413,2022-10-12 14:54:11,武儿鱼儿,领券下单更优惠
【用户正在购买】,1665557651582,2022-10-12 14:54:11,良品铺子的鹅,98号
【用户正在购买】,1665557653721,2022-10-12 14:54:13,良品铺子的鹅,98号
【用户正在购买】,1665557656518,2022-10-12 14:54:16,jd_402a1f50198f0,133号
【用户正在购买】,1665557665239,2022-10-12 14:54:25,jd_402a1f50198f0,134号
【用户正在购买】,1665557691661,2022-10-12 14:54:51,良品铺子的鹅,95号
【实时弹幕】,1665557722023,2022-10-12 14:55:22,jd_187284jxmy,领券下单更优惠
【用户正在购买】,1665557723032,2022-10-12 14:55:23,jd_402a1f50198f0,134号
【用户正在购买】,1665557733039,2022-10-12 14:55:33,教父之父VIP,4号
【实时弹幕】,1665557746892,2022-10-12 14:55:46,燕捕头,领券下单更优惠
【主播推送商品】,1665557755741,2022-10-12 14:55:55,主播,111号
【用户领券】,1665557766940,2022-10-12 14:56:06,严雨欣,领取了满169减70元券
【用户正在购买】,1665557781193,2022-10-12 14:56:21,微笑微扬,5号
【用户正在购买】,1665557792613,2022-10-12 14:56:32,严雨欣,126号
【实时弹幕】,1665557807984,2022-10-12 14:56:47,jd_139617zmi,领券下单更优惠
【用户关注】,1665557808063,2022-10-12 14:56:48,jd_139617zmi
【用户加入购物车】,1665557868340,2022-10-12 14:57:48,jd_MunMlRyLihfJ,Top
【用户加入购物车】,1665557903363,2022-10-12 14:58:23,丶岸芷汀兰o,138号
【用户领券】,1665557906058,2022-10-12 14:58:26,南夜北光,领取了满169减70元券
【用户正在购买】,1665557915795,2022-10-12 14:58:35,南夜北光,129号
【实时弹幕】,1665557922069,2022-10-12 14:58:42,jd_FKyKCECfonpg,哪里领券
【用户正在购买】,1665557925264,2022-10-12 14:58:45,南夜北光,129号
【用户领券】,1665557928198,2022-10-12 14:58:48,jd_FKyKCECfonpg,领取了满169减70元券
【用户领券】,1665557930008,2022-10-12 14:58:50,真假无间道,领取了满169减70元券
【用户加入购物车】,1665557942031,2022-10-12 14:59:02,xiejunshan,110号
【用户领券】,1665557951493,2022-10-12 14:59:11,jd_FdWrPAduNBGk,领取了满169减70元券
【用户正在购买】,1665557954147,2022-10-12 14:59:14,一年级giao班班主任,138号
【用户正在购买】,1665557991473,2022-10-12 14:59:51,jd_FdWrPAduNBGk,119号
【主播推送商品】,1665557992191,2022-10-12 14:59:52,主播,128号
【用户正在购买】,1665558008175,2022-10-12 15:00:08,jd_MunMlRyLihfJ,123号
【用户正在购买】,1665558015549,2022-10-12 15:00:15,jd_FdWrPAduNBGk,119号
【实时弹幕】,1665558047247,2022-10-12 15:00:47,lnpjxj,领券下单更优惠
【用户关注】,1665558047301,2022-10-12 15:00:47,lnpjxj
【用户正在购买】,1665558054996,2022-10-12 15:00:54,jd_FdWrPAduNBGk,119号
【用户关注】,1665558067083,2022-10-12 15:01:07,jd_135284rgdz
【用户领券】,1665558085118,2022-10-12 15:01:25,jd_180805tyx,领取了满169减70元券
【用户加入购物车】,1665558090505,2022-10-12 15:01:30,jdgengbu,134号
【用户正在购买】,1665558095461,2022-10-12 15:01:35,jdgengbu,134号
【用户加入购物车】,1665558100364,2022-10-12 15:01:40,jd_MunMlRyLihfJ,Top
【用户正在购买】,1665558102161,2022-10-12 15:01:42,jdgengbu,134号
【用户正在购买】,1665558108369,2022-10-12 15:01:48,jdgengbu,133号
【用户加入购物车】,1665558114319,2022-10-12 15:01:54,aa18238713430,134号
【用户正在购买】,1665558124663,2022-10-12 15:02:04,aa18238713430,131号
【用户正在购买】,1665558125576,2022-10-12 15:02:05,jd_WacvfvniOKfa,Top
【用户正在购买】,1665558127091,2022-10-12 15:02:07,jd_MunMlRyLihfJ,139号
【用户正在购买】,1665558129294,2022-10-12 15:02:09,aa18238713430,130号
【用户加入购物车】,1665558138293,2022-10-12 15:02:18,aa18238713430,130号
【主播推送商品】,1665558142296,2022-10-12 15:02:22,主播,128号
【用户加入购物车】,1665558155880,2022-10-12 15:02:35,jdgengbu,126号
【用户加入购物车】,1665558167035,2022-10-12 15:02:47,jdgengbu,103号
【用户加入购物车】,1665558168368,2022-10-12 15:02:48,jdgengbu,103号
【用户加入购物车】,1665558169230,2022-10-12 15:02:49,jdgengbu,103号
【用户加入购物车】,1665558182632,2022-10-12 15:03:02,aa18238713430,84号
【实时弹幕】,1665558188394,2022-10-12 15:03:08,jd_159010czev,领券下单更优惠
【实时弹幕】,1665558188518,2022-10-12 15:03:08,jd_136428jhv,领券下单更优惠
【用户正在购买】,1665558190901,2022-10-12 15:03:10,jd_AxKJfuMajuRG,138号
【用户正在购买】,1665558191545,2022-10-12 15:03:11,aa18238713430,76号
【主播推送商品】,1665558194026,2022-10-12 15:03:14,主播,139号
【用户正在购买】,1665558195070,2022-10-12 15:03:15,jd_eRhDhPApCsRO,131号
【用户加入购物车】,1665558201948,2022-10-12 15:03:21,aa18238713430,76号
【用户正在购买】,1665558203022,2022-10-12 15:03:23,aa18238713430,76号
【用户加入购物车】,1665558206353,2022-10-12 15:03:26,jd_MunMlRyLihfJ,Top
【实时弹幕】,1665558212302,2022-10-12 15:03:32,jd_130201vzv,领券下单更优惠
【用户加入购物车】,1665558217609,2022-10-12 15:03:37,aa18238713430,64号
【实时弹幕】,1665558226711,2022-10-12 15:03:46,WJH515233,领券下单更优惠
【用户加入购物车】,1665558240083,2022-10-12 15:04:00,aa18238713430,37号
【用户正在购买】,1665558240407,2022-10-12 15:04:00,aa18238713430,37号
【实时弹幕】,1665558261068,2022-10-12 15:04:21,jd_eRhDhPApCsRO,这个怎么定
【主播推送商品】,1665558271279,2022-10-12 15:04:31,主播,139号
【用户正在购买】,1665558271624,2022-10-12 15:04:31,jd_MunMlRyLihfJ,122号
【用户关注】,1665558283201,2022-10-12 15:04:43,jd_eRhDhPApCsRO
【用户正在购买】,1665558315344,2022-10-12 15:05:15,独自赏芳华,139号
【实时弹幕】,1665558327454,2022-10-12 15:05:27,jd_eRhDhPApCsRO,从哪进
【主播推送商品】,1665558333451,2022-10-12 15:05:33,主播,139号
【用户正在购买】,1665558337836,2022-10-12 15:05:37,stupid_bitch,139号
【用户正在购买】,1665558345964,2022-10-12 15:05:45,jd_eRhDhPApCsRO,139号
【用户正在购买】,1665558357531,2022-10-12 15:05:57,独自赏芳华,134号
【用户正在购买】,1665558384932,2022-10-12 15:06:24,aa18238713430,139号
【用户加入购物车】,1665558389892,2022-10-12 15:06:29,jd_135284rgdz,Top
【用户正在购买】,1665558392409,2022-10-12 15:06:32,jd_135284rgdz,139号
【实时弹幕】,1665558398072,2022-10-12 15:06:38,IWiToaQhuHHI,领券下单更优惠
【用户关注】,1665558398148,2022-10-12 15:06:38,IWiToaQhuHHI
【用户加入购物车】,1665558399036,2022-10-12 15:06:39,jd_135284rgdz,139号
【用户正在购买】,1665558401589,2022-10-12 15:06:41,jd_135284rgdz,138号
【用户正在购买】,1665558419768,2022-10-12 15:06:59,jd_135284rgdz,127号
【用户正在购买】,1665558421706,2022-10-12 15:07:01,u_k2wframi993c,125号
【用户领券】,1665558422588,2022-10-12 15:07:02,小气D男孩,领取了满169减70元券
【用户正在购买】,1665558432202,2022-10-12 15:07:12,月子天,114号
【用户正在购买】,1665558436797,2022-10-12 15:07:16,jd_135284rgdz,118号
【用户加入购物车】,1665558437104,2022-10-12 15:07:17,小气D男孩,138号
【用户加入购物车】,1665558442820,2022-10-12 15:07:22,jd_135284rgdz,118号
【主播推送商品】,1665558448158,2022-10-12 15:07:28,主播,139号
【用户正在购买】,1665558473979,2022-10-12 15:07:53,jd_LTHGCFcqOPtq,139号
【用户正在购买】,1665558474298,2022-10-12 15:07:54,tiantian168,138号
【用户加入购物车】,1665558485264,2022-10-12 15:08:05,jd_LTHGCFcqOPtq,Top
【用户正在购买】,1665558486492,2022-10-12 15:08:06,jd_LTHGCFcqOPtq,Top
【主播推送商品】,1665558514145,2022-10-12 15:08:34,主播,Top
【用户正在购买】,1665558527186,2022-10-12 15:08:47,stupid_bitch,139号
【用户正在购买】,1665558561838,2022-10-12 15:09:21,stupid_bitch,139号
【主播推送商品】,1665558605737,2022-10-12 15:10:05,主播,Top
【用户正在购买】,1665558607651,2022-10-12 15:10:07,独自赏芳华,138号
【用户正在购买】,1665558611763,2022-10-12 15:10:11,jd_eRhDhPApCsRO,Top
【用户领券】,1665558618744,2022-10-12 15:10:18,tt728530548,领取了满169减70元券
【用户正在购买】,1665558632860,2022-10-12 15:10:32,tt728530548,Top
【用户正在购买】,1665558640944,2022-10-12 15:10:40,tt728530548,135号
【用户正在购买】,1665558655558,2022-10-12 15:10:55,jd_630910223,139号
【用户领券】,1665558669491,2022-10-12 15:11:09,jd_135284rgdz,领取了一张优惠券
【用户加入购物车】,1665558670972,2022-10-12 15:11:10,jd_187297bef,127号
【主播推送商品】,1665558678935,2022-10-12 15:11:18,主播,Top
【用户正在购买】,1665558680472,2022-10-12 15:11:20,jd_135284rgdz,138号
【用户正在购买】,1665558683627,2022-10-12 15:11:23,jd_630910223,114号
【实时弹幕】,1665558687465,2022-10-12 15:11:27,jd_159959twe,领券下单更优惠
【用户加入购物车】,1665558702954,2022-10-12 15:11:42,jd_135284rgdz,138号
【用户加入购物车】,1665558705160,2022-10-12 15:11:45,jd_135284rgdz,139号
【用户正在购买】,1665558706997,2022-10-12 15:11:46,jd_630910223,111号
【用户加入购物车】,1665558707028,2022-10-12 15:11:47,jd_135284rgdz,Top
【实时弹幕】,1665558732739,2022-10-12 15:12:12,jd_139155sjh,领券下单更优惠
【用户正在购买】,1665558733312,2022-10-12 15:12:13,stupid_bitch,Top
【实时弹幕】,1665558737034,2022-10-12 15:12:17,jd_GaxSfCcxMslI,领券下单更优惠
【用户关注】,1665558737085,2022-10-12 15:12:17,jd_GaxSfCcxMslI
【实时弹幕】,1665558738116,2022-10-12 15:12:18,jd_150703cee,领券下单更优惠
【用户领券】,1665558793173,2022-10-12 15:13:13,jd_5c8455cab9fc7,领取了满169减70元券
【用户正在购买】,1665558795980,2022-10-12 15:13:15,小气D男孩,139号
【主播推送商品】,1665558796602,2022-10-12 15:13:16,主播,Top
【用户正在购买】,1665558813250,2022-10-12 15:13:33,jd188103hcl,136号
【用户领券】,1665558815348,2022-10-12 15:13:35,-泡泡甜汤-,领取了满169减70元券
【用户领券】,1665558819676,2022-10-12 15:13:39,-泡泡甜汤-,领取了满99减40元券
【用户加入购物车】,1665558821722,2022-10-12 15:13:41,-泡泡甜汤-,91号
【用户正在购买】,1665558823199,2022-10-12 15:13:43,-泡泡甜汤-,91号
【实时弹幕】,1665558823716,2022-10-12 15:13:43,138*****407as,领券下单更优惠
【用户正在购买】,1665558834873,2022-10-12 15:13:54,-泡泡甜汤-,91号
【用户正在购买】,1665558840432,2022-10-12 15:14:00,jd_eRhDhPApCsRO,130号
【用户正在购买】,1665558855662,2022-10-12 15:14:15,小气D男孩,138号
【用户正在购买】,1665558863257,2022-10-12 15:14:23,jd188103hcl,Top
【实时弹幕】,1665558869929,2022-10-12 15:14:29,jd_5af17afc009fa,领券下单更优惠
【用户关注】,1665558869960,2022-10-12 15:14:29,jd_5af17afc009fa
【用户正在购买】,1665558872223,2022-10-12 15:14:32,小气D男孩,131号
【用户正在购买】,1665558889045,2022-10-12 15:14:49,jd_EoLKpxWltrOC,Top
【用户正在购买】,1665558898315,2022-10-12 15:14:58,-泡泡甜汤-,91号
【用户正在购买】,1665558910440,2022-10-12 15:15:10,小气D男孩,138号
【主播推送商品】,1665558917979,2022-10-12 15:15:17,主播,Top
【用户领券】,1665558918296,2022-10-12 15:15:18,u_xn1n6uqla3xs,领取了满169减70元券
【实时弹幕】,1665558920963,2022-10-12 15:15:20,LXJ0505uku,领券下单更优惠
【实时弹幕】,1665558937937,2022-10-12 15:15:37,130a2212,领券下单更优惠
【用户正在购买】,1665558953082,2022-10-12 15:15:53,小气D男孩,131号
【用户正在购买】,1665558975115,2022-10-12 15:16:15,小气D男孩,138号
【用户分享直播间】,1665558995310,2022-10-12 15:16:35,眉眉猪jpe
【用户正在购买】,1665559017106,2022-10-12 15:16:57,小气D男孩,138号
【实时弹幕】,1665559019878,2022-10-12 15:16:59,jd158600zwr,领券下单更优惠
【实时弹幕】,1665559040155,2022-10-12 15:17:20,jd_187033ydx,领券下单更优惠
【用户正在购买】,1665559059363,2022-10-12 15:17:39,jd_5fa44ce53626e,135号
【实时弹幕】,1665559063897,2022-10-12 15:17:43,波波大坏蛋,领券下单更优惠
【主播推送商品】,1665559068064,2022-10-12 15:17:48,主播,Top
【用户正在购买】,1665559088513,2022-10-12 15:18:08,小气D男孩,139号
【用户正在购买】,1665559093303,2022-10-12 15:18:13,小气D男孩,131号
【实时弹幕】,1665559140857,2022-10-12 15:19:00,jd_LNwzWezabJsj,这个多少钱
【用户正在购买】,1665559142742,2022-10-12 15:19:02,小气D男孩,138号
【主播推送商品】,1665559151371,2022-10-12 15:19:11,主播,Top
【实时弹幕】,1665559158469,2022-10-12 15:19:18,jd_eRhDhPApCsRO,能把开始那个门果干礼包发一下吗
【用户加入购物车】,1665559180059,2022-10-12 15:19:40,jd_189420zii,135号
【用户加入购物车】,1665559182899,2022-10-12 15:19:42,jd_189420zii,135号
【用户正在购买】,1665559185704,2022-10-12 15:19:45,jd_189420zii,135号
【用户正在购买】,1665559212233,2022-10-12 15:20:12,jd_ZYCbPjTqxBBg,Top
【用户领券】,1665559216133,2022-10-12 15:20:16,u_xn1n6uqla3xs,领取了满169减70元券
【用户正在购买】,1665559238756,2022-10-12 15:20:38,u_xn1n6uqla3xs,130号
【主播推送商品】,1665559241286,2022-10-12 15:20:41,主播,Top
【用户正在购买】,1665559250936,2022-10-12 15:20:50,jd_eRhDhPApCsRO,128号
【用户加入购物车】,1665559269120,2022-10-12 15:21:09,jd_ZYCbPjTqxBBg,Top
【用户正在购买】,1665559270180,2022-10-12 15:21:10,jd_ZYCbPjTqxBBg,Top
【主播推送商品】,1665559273654,2022-10-12 15:21:13,主播,134号
【用户正在购买】,1665559283901,2022-10-12 15:21:23,stupid_bitch,134号
【用户正在购买】,1665559302564,2022-10-12 15:21:42,u_xn1n6uqla3xs,128号
【实时弹幕】,1665559305744,2022-10-12 15:21:45,jd_764db6eb8d01b,减肥吃哪
【用户正在购买】,1665559342062,2022-10-12 15:22:22,jd_eRhDhPApCsRO,122号
【用户正在购买】,1665559358344,2022-10-12 15:22:38,jd_eRhDhPApCsRO,116号
【主播推送商品】,1665559360010,2022-10-12 15:22:40,主播,134号
【用户正在购买】,1665559394330,2022-10-12 15:23:14,jd_TiYvHTsasiwf,103号
【用户正在购买】,1665559413972,2022-10-12 15:23:33,u_xn1n6uqla3xs,116号
【用户正在购买】,1665559416178,2022-10-12 15:23:36,jd_TiYvHTsasiwf,95号
【实时弹幕】,1665559419221,2022-10-12 15:23:39,jd_eRhDhPApCsRO,这款多少钱
【用户领券】,1665559428648,2022-10-12 15:23:48,jd_180801lzz,领取了满169减70元券
【用户领券】,1665559432014,2022-10-12 15:23:52,jd_180801lzz,领取了满99减40元券
【用户正在购买】,1665559433884,2022-10-12 15:23:53,u_xn1n6uqla3xs,97号
【用户领券】,1665559434124,2022-10-12 15:23:54,jd_180801lzz,领取了满20减5元券
【主播推送商品】,1665559434979,2022-10-12 15:23:54,主播,134号
【用户正在购买】,1665559436210,2022-10-12 15:23:56,jd_eRhDhPApCsRO,134号
【实时弹幕】,1665559441867,2022-10-12 15:24:01,jd_136933gbm,领券下单更优惠
【用户正在购买】,1665559441877,2022-10-12 15:24:01,u_xn1n6uqla3xs,96号
【用户正在购买】,1665559450237,2022-10-12 15:24:10,u_ejm4fio5e5va,136号
【用户正在购买】,1665559458737,2022-10-12 15:24:18,u_xn1n6uqla3xs,82号
【用户加入购物车】,1665559492879,2022-10-12 15:24:52,天使的奶啵,136号
【用户加入购物车】,1665559494738,2022-10-12 15:24:54,天使的奶啵,136号
【用户正在购买】,1665559544347,2022-10-12 15:25:44,jd_TiYvHTsasiwf,87号
【用户正在购买】,1665559581849,2022-10-12 15:26:21,u_xn1n6uqla3xs,95号
【用户正在购买】,1665559587205,2022-10-12 15:26:27,u_xn1n6uqla3xs,96号
【用户关注】,1665559627780,2022-10-12 15:27:07,jd_138385ctp
【用户正在购买】,1665559634043,2022-10-12 15:27:14,u_xn1n6uqla3xs,121号
【用户领券】,1665559639892,2022-10-12 15:27:19,jd_138385ctp,领取了满169减70元券
【用户加入购物车】,1665559679762,2022-10-12 15:27:59,jd_138385ctp,120号
【用户关注】,1665559691354,2022-10-12 15:28:11,jd_eywdwfFeYBqR
【用户正在购买】,1665559702713,2022-10-12 15:28:22,jd_138385ctp,Top
【实时弹幕】,1665559712983,2022-10-12 15:28:32,小二黑的小黑,领券下单更优惠
【用户领券】,1665559727171,2022-10-12 15:28:47,jd_eywdwfFeYBqR,领取了满169减70元券
【实时弹幕】,1665559728847,2022-10-12 15:28:48,sevenbaby123,领券下单更优惠
【用户关注】,1665559728893,2022-10-12 15:28:48,sevenbaby123
【用户领券】,1665559730561,2022-10-12 15:28:50,jd_eywdwfFeYBqR,领取了满99减40元券
【用户正在购买】,1665559745312,2022-10-12 15:29:05,u_r7766kf3sn2y,120号
【用户正在购买】,1665559751346,2022-10-12 15:29:11,jd_eywdwfFeYBqR,125号
【用户正在购买】,1665559752353,2022-10-12 15:29:12,jd_139366ury,6号
【用户加入购物车】,1665559753256,2022-10-12 15:29:13,sevenbaby123,64号
【用户正在购买】,1665559761086,2022-10-12 15:29:21,sevenbaby123,Top
【用户正在购买】,1665559767265,2022-10-12 15:29:27,jd_muqAdKGiMjLl,135号
【用户正在购买】,1665559769816,2022-10-12 15:29:29,jd_eywdwfFeYBqR,122号
【用户正在购买】,1665559782620,2022-10-12 15:29:42,wdyzOddxrNbMVP,110号
【用户正在购买】,1665559782926,2022-10-12 15:29:42,jd_eywdwfFeYBqR,115号
【主播推送商品】,1665559840260,2022-10-12 15:30:40,主播,123号
【实时弹幕】,1665559865253,2022-10-12 15:31:05,jd_188662vwa,领券下单更优惠
【实时弹幕】,1665559866937,2022-10-12 15:31:06,simon_jn_chen,领券下单更优惠
【主播推送商品】,1665559884218,2022-10-12 15:31:24,主播,123号
【用户加入购物车】,1665559884843,2022-10-12 15:31:24,jd_138385ctp,110号
【实时弹幕】,1665559885583,2022-10-12 15:31:25,jd_lijx20,领券下单更优惠
【用户正在购买】,1665559890934,2022-10-12 15:31:30,jd_SPbYKlwWTtbW,138号
【实时弹幕】,1665559895881,2022-10-12 15:31:35,jd_515ff0bcd7bb2,领券下单更优惠
【用户正在购买】,1665559922475,2022-10-12 15:32:02,jd_156691vkv,139号
【用户加入购物车】,1665559925467,2022-10-12 15:32:05,jd_138385ctp,103号
【用户领券】,1665559942762,2022-10-12 15:32:22,genie608,领取了满169减70元券
【实时弹幕】,1665559978186,2022-10-12 15:32:58,jd_wGkNTUXeXosd,领券下单更优惠
【用户关注】,1665559978292,2022-10-12 15:32:58,jd_wGkNTUXeXosd
【主播推送商品】,1665559983974,2022-10-12 15:33:03,主播,123号
【用户正在购买】,1665559995965,2022-10-12 15:33:15,jd_156691vkv,123号
【用户正在购买】,1665560003924,2022-10-12 15:33:23,傲雪剑梅,Top
【主播推送商品】,1665560008549,2022-10-12 15:33:28,主播,123号
【用户正在购买】,1665560017245,2022-10-12 15:33:37,jd_156691vkv,123号
【用户加入购物车】,1665560017518,2022-10-12 15:33:37,傲雪剑梅,135号
【用户正在购买】,1665560034304,2022-10-12 15:33:54,jd_QxWMRPcfycoM,138号
【用户正在购买】,1665560034689,2022-10-12 15:33:54,jd_156691vkv,122号
【用户加入购物车】,1665560035712,2022-10-12 15:33:55,傲雪剑梅,128号
【用户正在购买】,1665560042132,2022-10-12 15:34:02,傲雪剑梅,125号
【用户正在购买】,1665560042298,2022-10-12 15:34:02,jd_156691vkv,121号
【用户加入购物车】,1665560050254,2022-10-12 15:34:10,linazhou89137888,139号
【主播推送商品】,1665560052188,2022-10-12 15:34:12,主播,120号
【用户领券】,1665560052581,2022-10-12 15:34:12,linazhou89137888,领取了满169减70元券
【用户正在购买】,1665560060306,2022-10-12 15:34:20,傲雪剑梅,118号
【用户正在购买】,1665560063788,2022-10-12 15:34:23,jd_xoastHVxSMMy,138号
【用户领券】,1665560144339,2022-10-12 15:35:44,jd_xoastHVxSMMy,领取了满169减70元券
【用户领券】,1665560189607,2022-10-12 15:36:29,耳东摆渡,领取了满169减70元券
【用户正在购买】,1665560190419,2022-10-12 15:36:30,u_3o9g6xqds78p,136号
【用户领券】,1665560192779,2022-10-12 15:36:32,耳东摆渡,领取了满99减40元券
【用户加入购物车】,1665560195038,2022-10-12 15:36:35,linazhou89137888,111号
【实时弹幕】,1665560198416,2022-10-12 15:36:38,LST2682606740,领券下单更优惠
【用户加入购物车】,1665560204165,2022-10-12 15:36:44,耳东摆渡,138号
【实时弹幕】,1665560210621,2022-10-12 15:36:50,jd_smile_qh,领券下单更优惠
【用户加入购物车】,1665560243584,2022-10-12 15:37:23,linazhou89137888,Top
【实时弹幕】,1665560247986,2022-10-12 15:37:27,jd_183605lup,领券下单更优惠
【用户关注】,1665560248148,2022-10-12 15:37:28,jd_183605lup
【用户正在购买】,1665560252929,2022-10-12 15:37:32,良品铺子的鹅,138号
【用户正在购买】,1665560255273,2022-10-12 15:37:35,stupid_bitch,138号
【实时弹幕】,1665560256576,2022-10-12 15:37:36,jd_183605lup,脱皮瓜子
【用户正在购买】,1665560261200,2022-10-12 15:37:41,良品铺子的鹅,139号
【实时弹幕】,1665560272422,2022-10-12 15:37:52,jd783931,领券下单更优惠
【用户关注】,1665560272579,2022-10-12 15:37:52,jd783931
【用户正在购买】,1665560282854,2022-10-12 15:38:02,jd783931,Top
【实时弹幕】,1665560289552,2022-10-12 15:38:09,jd_183605lup,不是瓜子仁，是脱皮香瓜子
【实时弹幕】,1665560289763,2022-10-12 15:38:09,jd_131236zhg,领券下单更优惠
【用户领券】,1665560299433,2022-10-12 15:38:19,jd783931,领取了满169减70元券
【用户领券】,1665560301822,2022-10-12 15:38:21,jd783931,领取了满99减40元券
【用户正在购买】,1665560308922,2022-10-12 15:38:28,jyfslsjzq,17号
【用户领券】,1665560320502,2022-10-12 15:38:40,jd_183605lup,领取了满169减70元券
【用户正在购买】,1665560328356,2022-10-12 15:38:48,jd783931,133号
【用户加入购物车】,1665560329059,2022-10-12 15:38:49,jd_ZYCbPjTqxBBg,113号
【实时弹幕】,1665560336346,2022-10-12 15:38:56,jd_ZYCbPjTqxBBg,领券下单更优惠
【用户关注】,1665560336478,2022-10-12 15:38:56,jd_ZYCbPjTqxBBg
【用户领券】,1665560336530,2022-10-12 15:38:56,jd_183605lup,领取了满99减40元券
【用户正在购买】,1665560342828,2022-10-12 15:39:02,jd_ZYCbPjTqxBBg,113号
【用户正在购买】,1665560352387,2022-10-12 15:39:12,jd783931,134号
【用户正在购买】,1665560364538,2022-10-12 15:39:24,jd783931,138号
【主播推送商品】,1665560372724,2022-10-12 15:39:32,主播,139号
【主播推送商品】,1665560372849,2022-10-12 15:39:32,主播,139号
【主播推送商品】,1665560373169,2022-10-12 15:39:33,主播,139号
【用户领券】,1665560374849,2022-10-12 15:39:34,jyfslsjzq,领取了满99减40元券
【实时弹幕】,1665560375331,2022-10-12 15:39:35,随风开心,领券下单更优惠
【实时弹幕】,1665560375645,2022-10-12 15:39:35,随风开心,领券下单更优惠
【用户领券】,1665560376886,2022-10-12 15:39:36,jd_ZYCbPjTqxBBg,领取了满99减40元券
【实时弹幕】,1665560380589,2022-10-12 15:39:40,jd_7ff892840f7c9,领券下单更优惠
【主播推送商品】,1665560380865,2022-10-12 15:39:40,主播,138号
【主播推送商品】,1665560381173,2022-10-12 15:39:41,主播,138号
【主播推送商品】,1665560381290,2022-10-12 15:39:41,主播,138号
【用户领券】,1665560381372,2022-10-12 15:39:41,jyfslsjzq,领取了满99减40元券
【主播推送商品】,1665560381924,2022-10-12 15:39:41,主播,138号
【主播推送商品】,1665560382021,2022-10-12 15:39:42,主播,138号
【用户正在购买】,1665560389978,2022-10-12 15:39:49,jd_182471ikf,Top
【用户加入购物车】,1665560394208,2022-10-12 15:39:54,jd783931,Top
【用户正在购买】,1665560397982,2022-10-12 15:39:57,jd_ZYCbPjTqxBBg,113号
【用户正在购买】,1665560406226,2022-10-12 15:40:06,再没有不期而遇,Top
【用户加入购物车】,1665560407365,2022-10-12 15:40:07,jd783931,123号
【用户正在购买】,1665560422537,2022-10-12 15:40:22,jd_156691vkv,Top
【实时弹幕】,1665560433349,2022-10-12 15:40:33,jd_132499ehff,领券下单更优惠
【实时弹幕】,1665560433959,2022-10-12 15:40:33,jd_FTpRCYbOeSnl,领券下单更优惠
【用户领券】,1665560437146,2022-10-12 15:40:37,jyfslsjzq,领取了满99减40元券
【实时弹幕】,1665560440765,2022-10-12 15:40:40,jd_7b97b41a7be85,领券下单更优惠
【用户加入购物车】,1665560441359,2022-10-12 15:40:41,独自赏芳华,Top
【用户正在购买】,1665560442399,2022-10-12 15:40:42,独自赏芳华,Top
【用户正在购买】,1665560444836,2022-10-12 15:40:44,jd_156691vkv,132号
【用户正在购买】,1665560449184,2022-10-12 15:40:49,jd_156691vkv,131号
【实时弹幕】,1665560461724,2022-10-12 15:41:01,主播小工2,❤️ 亲 们～ 主 播 专 属 满 减 券 和 活 动十ǬǬ-㪊7O1-556-846❤️
【用户领券】,1665560468773,2022-10-12 15:41:08,liyangyang890418,领取了满169减70元券
【用户领券】,1665560472030,2022-10-12 15:41:12,liyangyang890418,领取了满99减40元券
【用户正在购买】,1665560475786,2022-10-12 15:41:15,jd_156691vkv,130号
【实时弹幕】,1665560479752,2022-10-12 15:41:19,主播小工2,❤️ 亲 们～ 主 播 专 属 满 减 券 和 活 动十ǬǬ-㪊7O1-556-846❤️
【实时弹幕】,1665560482038,2022-10-12 15:41:22,QYKoala,领券下单更优惠
【用户关注】,1665560482106,2022-10-12 15:41:22,QYKoala
【用户正在购买】,1665560487441,2022-10-12 15:41:27,独自赏芳华,Top
【用户正在购买】,1665560487936,2022-10-12 15:41:27,jd_156691vkv,129号
【用户正在购买】,1665560506142,2022-10-12 15:41:46,i黑桃J,139号
【用户分享直播间】,1665560517829,2022-10-12 15:41:57,jd_7a46c06574ffe
【用户正在购买】,1665560536986,2022-10-12 15:42:16,jd_156691vkv,130号
【实时弹幕】,1665560540332,2022-10-12 15:42:20,kokochi,领券下单更优惠
【实时弹幕】,1665560552947,2022-10-12 15:42:32,Oxford11,领券下单更优惠
【用户领券】,1665560554526,2022-10-12 15:42:34,jd_187067zte,领取了一张优惠券
【实时弹幕】,1665560554675,2022-10-12 15:42:34,l9_pwea,领券下单更优惠
【用户领券】,1665560555504,2022-10-12 15:42:35,i黑桃J,领取了满169减70元券
【用户领券】,1665560558344,2022-10-12 15:42:38,i黑桃J,领取了满99减40元券
【实时弹幕】,1665560593906,2022-10-12 15:43:13,i黑桃J,领券下单更优惠
【用户关注】,1665560593996,2022-10-12 15:43:13,i黑桃J
【实时弹幕】,1665560594291,2022-10-12 15:43:14,u_e49xwzaej8py,领券下单更优惠
【用户正在购买】,1665560601863,2022-10-12 15:43:21,jyfslsjzq,106号
【用户正在购买】,1665560612083,2022-10-12 15:43:32,锕啊嗯噢,54号
【用户正在购买】,1665560649607,2022-10-12 15:44:09,jd_NRUPepCUbUhU,125号
【实时弹幕】,1665560649713,2022-10-12 15:44:09,jd_150317ljy,领券下单更优惠
【用户关注】,1665560649788,2022-10-12 15:44:09,jd_150317ljy
【用户正在购买】,1665560658854,2022-10-12 15:44:18,mmxeqPfYRFux,139号
【用户加入购物车】,1665560673334,2022-10-12 15:44:33,jd_NRUPepCUbUhU,120号
【实时弹幕】,1665560691064,2022-10-12 15:44:51,jd_182913etcj,领券下单更优惠
【实时弹幕】,1665560703826,2022-10-12 15:45:03,jd_139118jfv,领券下单更优惠
【用户加入购物车】,1665560704965,2022-10-12 15:45:04,jd_NRUPepCUbUhU,107号
【用户正在购买】,1665560707349,2022-10-12 15:45:07,mmxeqPfYRFux,Top
【用户加入购物车】,1665560733306,2022-10-12 15:45:33,i黑桃J,Top
【用户正在购买】,1665560735923,2022-10-12 15:45:35,i黑桃J,Top
【用户加入购物车】,1665560748240,2022-10-12 15:45:48,jd135901sls,72号
【实时弹幕】,1665560752753,2022-10-12 15:45:52,jd_QtnxGwfCKYlm,领券下单更优惠
【用户正在购买】,1665560794054,2022-10-12 15:46:34,mmxeqPfYRFux,Top
【实时弹幕】,1665560829315,2022-10-12 15:47:09,mmxeqPfYRFux,诸事顺利怎么样
【用户正在购买】,1665560829970,2022-10-12 15:47:09,jd135901sls,98号
【用户领券】,1665560832010,2022-10-12 15:47:12,linazhou89137888,领取了满169减70元券
【主播推送商品】,1665560836228,2022-10-12 15:47:16,主播,Top
【用户正在购买】,1665560840224,2022-10-12 15:47:20,linazhou89137888,129号
【用户关注】,1665560849544,2022-10-12 15:47:29,mmxeqPfYRFux
【主播推送商品】,1665560867150,2022-10-12 15:47:47,主播,Top
【用户正在购买】,1665560871743,2022-10-12 15:47:51,linazhou89137888,121号
【实时弹幕】,1665560878101,2022-10-12 15:47:58,jd_65c4f73a006a6,领券下单更优惠
【用户加入购物车】,1665560878801,2022-10-12 15:47:58,jd135901sls,79号
【用户正在购买】,1665560880206,2022-10-12 15:48:00,jd135901sls,79号
【实时弹幕】,1665560885517,2022-10-12 15:48:05,KANGKANGYONGYONG,领券下单更优惠
【用户正在购买】,1665560890130,2022-10-12 15:48:10,linazhou89137888,101号
【用户加入购物车】,1665560898920,2022-10-12 15:48:18,linazhou89137888,101号
【用户加入购物车】,1665560905189,2022-10-12 15:48:25,jd135901sls,66号
【用户加入购物车】,1665560906090,2022-10-12 15:48:26,jd135901sls,66号
【用户加入购物车】,1665560911752,2022-10-12 15:48:31,mmxeqPfYRFux,Top
【用户正在购买】,1665560914501,2022-10-12 15:48:34,mmxeqPfYRFux,Top
【用户加入购物车】,1665560927196,2022-10-12 15:48:47,jd135901sls,44号
【用户正在购买】,1665560930492,2022-10-12 15:48:50,jd135901sls,44号
【用户正在购买】,1665560953522,2022-10-12 15:49:13,jd135901sls,09号
【实时弹幕】,1665560996133,2022-10-12 15:49:56,jd_YHLdtzCDGrvB,领券下单更优惠
【用户关注】,1665560996196,2022-10-12 15:49:56,jd_YHLdtzCDGrvB
【实时弹幕】,1665560999218,2022-10-12 15:49:59,jd_7e8a88274fdf6,领券下单更优惠
【实时弹幕】,1665561013283,2022-10-12 15:50:13,mmxeqPfYRFux,已拍
【实时弹幕】,1665561025120,2022-10-12 15:50:25,mmxeqPfYRFux,质量一定要保证有
【用户加入购物车】,1665561029350,2022-10-12 15:50:29,jd_YHLdtzCDGrvB,Top
【实时弹幕】,1665561031740,2022-10-12 15:50:31,mmxeqPfYRFux,第一次买
【用户领券】,1665561037764,2022-10-12 15:50:37,jd_183848wda,领取了满169减70元券
【用户加入购物车】,1665561038468,2022-10-12 15:50:38,jd_YHLdtzCDGrvB,131号
【用户加入购物车】,1665561051420,2022-10-12 15:50:51,jd_183848wda,70号
【用户正在购买】,1665561054080,2022-10-12 15:50:54,jd_183848wda,70号
【用户正在购买】,1665561059029,2022-10-12 15:50:59,jd_YHLdtzCDGrvB,Top
【用户正在购买】,1665561061187,2022-10-12 15:51:01,jd_YHLdtzCDGrvB,Top
【用户正在购买】,1665561063125,2022-10-12 15:51:03,jd_YHLdtzCDGrvB,Top
【用户加入购物车】,1665561084780,2022-10-12 15:51:24,jd_183848wda,70号
【用户正在购买】,1665561085878,2022-10-12 15:51:25,jd_183848wda,70号
【用户领券】,1665561097324,2022-10-12 15:51:37,jd_TiYvHTsasiwf,领取了满99减40元券
【用户领券】,1665561098761,2022-10-12 15:51:38,jd_TiYvHTsasiwf,领取了满99减40元券
【用户领券】,1665561099942,2022-10-12 15:51:39,jd_TiYvHTsasiwf,领取了满99减40元券
【主播推送商品】,1665561114998,2022-10-12 15:51:54,主播,70号
【用户正在购买】,1665561119724,2022-10-12 15:51:59,良品铺子的鹅,70号
【用户领券】,1665561127924,2022-10-12 15:52:07,jd_TiYvHTsasiwf,领取了满99减40元券
【用户正在购买】,1665561130809,2022-10-12 15:52:10,stupid_bitch,133号
【用户正在购买】,1665561130905,2022-10-12 15:52:10,冬日萌芽8800,131号
【用户加入购物车】,1665561132495,2022-10-12 15:52:12,jd_TiYvHTsasiwf,Top
【用户正在购买】,1665561134764,2022-10-12 15:52:14,jd_TiYvHTsasiwf,Top
【用户正在购买】,1665561146389,2022-10-12 15:52:26,枭首之夜,136号
【实时弹幕】,1665561229402,2022-10-12 15:53:49,诺克切夜,领券下单更优惠
【用户领券】,1665561268516,2022-10-12 15:54:28,u_h2sn96err6dp,领取了满169减70元券
【用户领券】,1665561274170,2022-10-12 15:54:34,jd_183848wda,领取了满169减70元券
【用户正在购买】,1665561275314,2022-10-12 15:54:35,jd_183848wda,70号
【用户正在购买】,1665561275693,2022-10-12 15:54:35,u_h2sn96err6dp,137号
【用户正在购买】,1665561286833,2022-10-12 15:54:46,u_h2sn96err6dp,123号
【用户正在购买】,1665561290158,2022-10-12 15:54:50,u_6t4t6c5agu1j,91号
【用户正在购买】,1665561294120,2022-10-12 15:54:54,jd_183848wda,138号
【用户正在购买】,1665561296560,2022-10-12 15:54:56,jd_183848wda,138号
【用户正在购买】,1665561297113,2022-10-12 15:54:57,u_h2sn96err6dp,91号
【实时弹幕】,1665561301917,2022-10-12 15:55:01,jiangleishixinhui,领券下单更优惠
【实时弹幕】,1665561316840,2022-10-12 15:55:16,qdqrq1010,领券下单更优惠
【用户加入购物车】,1665561323246,2022-10-12 15:55:23,u_h2sn96err6dp,91号
【用户加入购物车】,1665561324949,2022-10-12 15:55:24,u_h2sn96err6dp,91号
【用户领券】,1665561384288,2022-10-12 15:56:24,漂亮沐沐monica,领取了满169减70元券
【用户领券】,1665561386812,2022-10-12 15:56:26,漂亮沐沐monica,领取了满99减40元券
【用户领券】,1665561389517,2022-10-12 15:56:29,漂亮沐沐monica,领取了满20减5元券
【用户正在购买】,1665561399972,2022-10-12 15:56:39,jd_7cef46aba600c,Top
【用户加入购物车】,1665561401579,2022-10-12 15:56:41,漂亮沐沐monica,81号
【用户正在购买】,1665561407786,2022-10-12 15:56:47,漂亮沐沐monica,Top
【用户正在购买】,1665561413798,2022-10-12 15:56:53,漂亮沐沐monica,138号
【用户正在购买】,1665561429871,2022-10-12 15:57:09,漂亮沐沐monica,127号
【用户正在购买】,1665561432461,2022-10-12 15:57:12,u_xn1n6uqla3xs,130号
【用户正在购买】,1665561438376,2022-10-12 15:57:18,漂亮沐沐monica,125号
【用户正在购买】,1665561442430,2022-10-12 15:57:22,u_xn1n6uqla3xs,131号
【实时弹幕】,1665561445651,2022-10-12 15:57:25,AD-811,领券下单更优惠
【用户加入购物车】,1665561449585,2022-10-12 15:57:29,漂亮沐沐monica,120号
【用户正在购买】,1665561452352,2022-10-12 15:57:32,漂亮沐沐monica,120号
【用户正在购买】,1665561461203,2022-10-12 15:57:41,u_xn1n6uqla3xs,133号
【用户正在购买】,1665561477473,2022-10-12 15:57:57,漂亮沐沐monica,106号
【用户正在购买】,1665561489089,2022-10-12 15:58:09,漂亮沐沐monica,100号
【用户正在购买】,1665561494523,2022-10-12 15:58:14,u_xn1n6uqla3xs,138号
【用户正在购买】,1665561497830,2022-10-12 15:58:17,漂亮沐沐monica,97号
【用户正在购买】,1665561498289,2022-10-12 15:58:18,橙子桔-,130号
【用户正在购买】,1665561514105,2022-10-12 15:58:34,方老伯,91号
【实时弹幕】,1665561533726,2022-10-12 15:58:53,pxzhldudu,领券下单更优惠
【用户正在购买】,1665561534529,2022-10-12 15:58:54,橙子桔-,131号
【用户加入购物车】,1665561539764,2022-10-12 15:58:59,漂亮沐沐monica,56号
【用户正在购买】,1665561543208,2022-10-12 15:59:03,漂亮沐沐monica,56号
【实时弹幕】,1665561567880,2022-10-12 15:59:27,ldyxyx,领券下单更优惠
【用户正在购买】,1665561575114,2022-10-12 15:59:35,jd_FjbDohFqrtdf,137号
【用户领券】,1665561577084,2022-10-12 15:59:37,u_xn1n6uqla3xs,领取了满169减70元券
【用户正在购买】,1665561585785,2022-10-12 15:59:45,jd_FjbDohFqrtdf,132号
【用户正在购买】,1665561630027,2022-10-12 16:00:30,jd_FjbDohFqrtdf,Top
【用户加入购物车】,1665561669835,2022-10-12 16:01:09,jd_FjbDohFqrtdf,138号
【用户正在购买】,1665561672468,2022-10-12 16:01:12,jd_FjbDohFqrtdf,138号
【实时弹幕】,1665561677556,2022-10-12 16:01:17,jd_LcYZutCwoEIR,领券下单更优惠
【实时弹幕】,1665561680844,2022-10-12 16:01:20,CYSLNdlDuzxl,领券下单更优惠
【用户正在购买】,1665561695652,2022-10-12 16:01:35,QeyQjQIVtXte,Top
【实时弹幕】,1665561702753,2022-10-12 16:01:42,qdxck,领券下单更优惠
【用户正在购买】,1665561724245,2022-10-12 16:02:04,jd_FjbDohFqrtdf,131号
【用户正在购买】,1665561739763,2022-10-12 16:02:19,jd_FjbDohFqrtdf,Top
【用户正在购买】,1665561740612,2022-10-12 16:02:20,jd_150588tnp,Top
【用户正在购买】,1665561761997,2022-10-12 16:02:41,Hgffjbdkgdrtuhhrfgf,134号
【用户正在购买】,1665561768722,2022-10-12 16:02:48,懒蛋蛋爱种草吖,126号
【用户关注】,1665561775238,2022-10-12 16:02:55,jd_JwMpjPFmzfjS
【主播推送商品】,1665561782620,2022-10-12 16:03:02,主播,134号
【主播推送商品】,1665561788260,2022-10-12 16:03:08,主播,Top
【用户加入购物车】,1665561803724,2022-10-12 16:03:23,jd_JwMpjPFmzfjS,118号
【用户加入购物车】,1665561806003,2022-10-12 16:03:26,jd_JwMpjPFmzfjS,118号
【用户正在购买】,1665561816273,2022-10-12 16:03:36,jd_JwMpjPFmzfjS,117号
【用户正在购买】,1665561840365,2022-10-12 16:04:00,jd_云淡风轻659,110号
【用户领券】,1665561851769,2022-10-12 16:04:11,jd_xDEmCvXiOdkp,领取了满169减70元券
【用户正在购买】,1665561858196,2022-10-12 16:04:18,jd_xDEmCvXiOdkp,139号
【用户正在购买】,1665561863202,2022-10-12 16:04:23,jd_云淡风轻659,139号
【实时弹幕】,1665561879309,2022-10-12 16:04:39,jd_188250dylo,领券下单更优惠
【用户正在购买】,1665561888163,2022-10-12 16:04:48,jd_xDEmCvXiOdkp,135号
【用户正在购买】,1665561902513,2022-10-12 16:05:02,大脸东的用户,135号
【实时弹幕】,1665561905562,2022-10-12 16:05:05,PXExYJAtQUsd,领券下单更优惠
【用户正在购买】,1665561908978,2022-10-12 16:05:08,jd_xDEmCvXiOdkp,138号
【用户领券】,1665561911640,2022-10-12 16:05:11,u_abdw6e3iwhyi,领取了满169减70元券
【实时弹幕】,1665561922971,2022-10-12 16:05:22,jd_139064zbo,领券下单更优惠
【用户正在购买】,1665561949026,2022-10-12 16:05:49,u_abdw6e3iwhyi,138号
【用户领券】,1665561952923,2022-10-12 16:05:52,奇奇的执念,领取了满169减70元券
【用户正在购买】,1665561953054,2022-10-12 16:05:53,jd_云淡风轻659,110号
【用户正在购买】,1665561954285,2022-10-12 16:05:54,大脸东的用户,135号
【用户正在购买】,1665561957100,2022-10-12 16:05:57,jd_qpepkQzMhlCG,Top
【用户正在购买】,1665561958052,2022-10-12 16:05:58,Hgffjbdkgdrtuhhrfgf,135号
【实时弹幕】,1665561975264,2022-10-12 16:06:15,512828199,领券下单更优惠
【用户加入购物车】,1665561977749,2022-10-12 16:06:17,jd_qpepkQzMhlCG,Top
【实时弹幕】,1665561980677,2022-10-12 16:06:20,jd_6591a29025493,领券下单更优惠
【用户正在购买】,1665561982276,2022-10-12 16:06:22,jd_qpepkQzMhlCG,139号
【主播发优惠券】,1665561992276,2022-10-12 16:06:32,主播,70
【用户关注】,1665561994277,2022-10-12 16:06:34,奇奇的执念
【用户关注】,1665561996580,2022-10-12 16:06:36,jd_云淡风轻659
【实时弹幕】,1665562027317,2022-10-12 16:07:07,jd_云淡风轻659,看110
【用户正在购买】,1665562035153,2022-10-12 16:07:15,jd_qpepkQzMhlCG,128号
【用户正在购买】,1665562072098,2022-10-12 16:07:52,良品铺子的鹅,139号
【用户正在购买】,1665562090059,2022-10-12 16:08:10,jd_jeCJsDnJTdno,138号
【实时弹幕】,1665562152598,2022-10-12 16:09:12,十五的月亮6688,领券下单更优惠
【用户加入购物车】,1665562162323,2022-10-12 16:09:22,小羊吃不胖-,126号
【用户正在购买】,1665562167713,2022-10-12 16:09:27,jd_jeCJsDnJTdno,137号
【用户正在购买】,1665562174486,2022-10-12 16:09:34,小羊吃不胖-,108号
【实时弹幕】,1665562178531,2022-10-12 16:09:38,jd_云淡风轻659,礼盒还有其它款吗
【用户领券】,1665562180931,2022-10-12 16:09:40,古得一未狞,领取了满169减70元券
【用户正在购买】,1665562190892,2022-10-12 16:09:50,古得一未狞,139号
【用户加入购物车】,1665562198413,2022-10-12 16:09:58,古得一未狞,139号
【用户正在购买】,1665562200648,2022-10-12 16:10:00,你的wxt,135号
【用户正在购买】,1665562202009,2022-10-12 16:10:02,古得一未狞,138号
【用户正在购买】,1665562217540,2022-10-12 16:10:17,古得一未狞,130号
【实时弹幕】,1665562221762,2022-10-12 16:10:21,JRSD_yFcqV8186,领券下单更优惠
【用户正在购买】,1665562224268,2022-10-12 16:10:24,小羊吃不胖-,98号
【用户加入购物车】,1665562231708,2022-10-12 16:10:31,jd157076xsa,136号
【用户分享直播间】,1665562243006,2022-10-12 16:10:43,难2得2有2缘
【用户领券】,1665562313990,2022-10-12 16:11:53,jd_156429fclq,领取了满169减70元券
【用户正在购买】,1665562319712,2022-10-12 16:11:59,u_axdc5h54e6sd,139号
【用户正在购买】,1665562320706,2022-10-12 16:12:00,jd_156429fclq,139号
【用户正在购买】,1665562335653,2022-10-12 16:12:15,jd_7e66cf6881cd5,Top
【用户正在购买】,1665562337395,2022-10-12 16:12:17,jd_156429fclq,131号
【实时弹幕】,1665562346930,2022-10-12 16:12:26,jd_云淡风轻659,这款在几号
【用户正在购买】,1665562350157,2022-10-12 16:12:30,jd_156429fclq,83号
【用户正在购买】,1665562358360,2022-10-12 16:12:38,jd_187655kpr,108号
【主播推送商品】,1665562362165,2022-10-12 16:12:42,主播,108号
【用户正在购买】,1665562369918,2022-10-12 16:12:49,Hgffjbdkgdrtuhhrfgf,108号
【主播推送商品】,1665562371036,2022-10-12 16:12:51,主播,Top
【用户正在购买】,1665562379449,2022-10-12 16:12:59,jd_vFVhsYVvqHMt,139号
【实时弹幕】,1665562382671,2022-10-12 16:13:02,jd_云淡风轻659,好的👌
【用户正在购买】,1665562384785,2022-10-12 16:13:04,Axiang_星灿,135号
【主播推送商品】,1665562393747,2022-10-12 16:13:13,主播,Top
【用户正在购买】,1665562406106,2022-10-12 16:13:26,jd_185554bwf,102号
【用户正在购买】,1665562418640,2022-10-12 16:13:38,jd_云淡风轻659,Top
【用户正在购买】,1665562420326,2022-10-12 16:13:40,jd_185554bwf,101号
【用户正在购买】,1665562439353,2022-10-12 16:13:59,jd_185554bwf,96号
【用户正在购买】,1665562439552,2022-10-12 16:13:59,jd_云淡风轻659,Top
【用户正在购买】,1665562478658,2022-10-12 16:14:38,jd_183848wda,70号
【用户关注】,1665562524987,2022-10-12 16:15:24,jd_DiNBbaBTbMpq
【用户正在购买】,1665562529087,2022-10-12 16:15:29,jd_156429fclq,110号
【用户正在购买】,1665562551040,2022-10-12 16:15:51,jd_云淡风轻659,132号
【用户领券】,1665562572101,2022-10-12 16:16:12,jd_DiNBbaBTbMpq,领取了满169减70元券
【用户加入购物车】,1665562576720,2022-10-12 16:16:16,jd_DiNBbaBTbMpq,123号
【用户加入购物车】,1665562578373,2022-10-12 16:16:18,jd_DiNBbaBTbMpq,123号
【用户正在购买】,1665562582892,2022-10-12 16:16:22,Hgffjbdkgdrtuhhrfgf,137号
【用户正在购买】,1665562588246,2022-10-12 16:16:28,jd_vFVhsYVvqHMt,138号
【用户正在购买】,1665562592807,2022-10-12 16:16:32,jd_云淡风轻659,101号
【实时弹幕】,1665562613694,2022-10-12 16:16:53,保护李小淇,是大包的吗
【用户正在购买】,1665562623992,2022-10-12 16:17:03,jd_185554bwf,92号
【用户正在购买】,1665562642388,2022-10-12 16:17:22,jd_vFVhsYVvqHMt,138号
【用户正在购买】,1665562654557,2022-10-12 16:17:34,良品铺子的鹅,103号
【用户正在购买】,1665562660148,2022-10-12 16:17:40,jd_云淡风轻659,139号
【用户领券】,1665562670540,2022-10-12 16:17:50,保护李小淇,领取了满169减70元券
【用户加入购物车】,1665562672091,2022-10-12 16:17:52,保护李小淇,138号
【用户加入购物车】,1665562673702,2022-10-12 16:17:53,保护李小淇,138号
【用户加入购物车】,1665562675121,2022-10-12 16:17:55,保护李小淇,138号
【用户加入购物车】,1665562675896,2022-10-12 16:17:55,保护李小淇,138号
【用户加入购物车】,1665562676431,2022-10-12 16:17:56,保护李小淇,138号
【用户加入购物车】,1665562676676,2022-10-12 16:17:56,保护李小淇,138号
【用户加入购物车】,1665562676784,2022-10-12 16:17:56,保护李小淇,138号
【用户加入购物车】,1665562677079,2022-10-12 16:17:57,保护李小淇,138号
【用户加入购物车】,1665562677218,2022-10-12 16:17:57,保护李小淇,138号
【用户加入购物车】,1665562677361,2022-10-12 16:17:57,保护李小淇,138号
【用户加入购物车】,1665562677449,2022-10-12 16:17:57,保护李小淇,138号
【用户正在购买】,1665562677935,2022-10-12 16:17:57,保护李小淇,138号
【用户正在购买】,1665562683749,2022-10-12 16:18:03,jd_云淡风轻659,Top
【用户正在购买】,1665562691994,2022-10-12 16:18:11,吴玉石,60号
【用户正在购买】,1665562721637,2022-10-12 16:18:41,吴玉石,133号
【主播推送商品】,1665562723973,2022-10-12 16:18:43,主播,120号
【用户正在购买】,1665562737263,2022-10-12 16:18:57,良品铺子的鹅,18号
【用户关注】,1665562740314,2022-10-12 16:19:00,吴玉石
【用户领券】,1665562759528,2022-10-12 16:19:19,jd_云淡风轻659,领取了满169减70元券
【用户加入购物车】,1665562764915,2022-10-12 16:19:24,jd_vFVhsYVvqHMt,135号
【用户进入店铺】,1665562773141,2022-10-12 16:19:33,jd_云淡风轻659,1000006804
【用户正在购买】,1665562779229,2022-10-12 16:19:39,吴玉石,60号
【实时弹幕】,1665562783548,2022-10-12 16:19:43,保护李小淇,领券下单更优惠
【用户关注】,1665562783777,2022-10-12 16:19:43,保护李小淇
【用户正在购买】,1665562784525,2022-10-12 16:19:44,jd_vFVhsYVvqHMt,127号
【用户正在购买】,1665562784976,2022-10-12 16:19:44,幽幽0904,123号
【主播推送商品】,1665562799783,2022-10-12 16:19:59,主播,120号
【用户正在购买】,1665562818122,2022-10-12 16:20:18,吴玉石,134号
【用户正在购买】,1665562825586,2022-10-12 16:20:25,吴玉石,60号
【主播发优惠券】,1665562828186,2022-10-12 16:20:28,主播,70
【用户加入购物车】,1665562841039,2022-10-12 16:20:41,jd_vFVhsYVvqHMt,74号
【用户正在购买】,1665562852187,2022-10-12 16:20:52,jd_vFVhsYVvqHMt,70号
【用户加入购物车】,1665562920209,2022-10-12 16:22:00,jd_vFVhsYVvqHMt,136号
【用户正在购买】,1665562922751,2022-10-12 16:22:02,Hgffjbdkgdrtuhhrfgf,126号
【用户加入购物车】,1665562953687,2022-10-12 16:22:33,jd_NNaIzDDPqfhu,15号
【用户加入购物车】,1665562954705,2022-10-12 16:22:34,jd_vFVhsYVvqHMt,107号
【用户领券】,1665562958315,2022-10-12 16:22:38,jd_LLrQJouAtHHD,领取了满99减40元券
【用户正在购买】,1665562959112,2022-10-12 16:22:39,雨天艺起婷宝贝,110号
【用户领券】,1665562960808,2022-10-12 16:22:40,jd_LLrQJouAtHHD,领取了满99减40元券
【实时弹幕】,1665562963341,2022-10-12 16:22:43,jd_云淡风轻659,刚刚看的礼盒坚果还有吗
【用户正在购买】,1665562977710,2022-10-12 16:22:57,雨天艺起婷宝贝,110号
【用户正在购买】,1665562987152,2022-10-12 16:23:07,stupid_bitch,Top
【实时弹幕】,1665562987666,2022-10-12 16:23:07,jd_云淡风轻659,没了
【用户正在购买】,1665563005997,2022-10-12 16:23:25,jerry051127,135号
【实时弹幕】,1665563007065,2022-10-12 16:23:27,一默啊,领券下单更优惠
【用户领券】,1665563021022,2022-10-12 16:23:41,u_gi4xkn4vf5si,领取了满169减70元券
【实时弹幕】,1665563023234,2022-10-12 16:23:43,jd_云淡风轻659,明天有吗
【用户领券】,1665563023954,2022-10-12 16:23:43,u_gi4xkn4vf5si,领取了满99减40元券
【用户加入购物车】,1665563028381,2022-10-12 16:23:48,u_gi4xkn4vf5si,Top
【用户加入购物车】,1665563050432,2022-10-12 16:24:10,u_gi4xkn4vf5si,117号
【用户正在购买】,1665563058034,2022-10-12 16:24:18,jd_云淡风轻659,132号
【实时弹幕】,1665563062495,2022-10-12 16:24:22,jd_138168glf,领券下单更优惠
【用户领券】,1665563063818,2022-10-12 16:24:23,jyhlx111,领取了满169减70元券
【用户正在购买】,1665563064039,2022-10-12 16:24:24,wyzdzi,138号
【用户领券】,1665563066415,2022-10-12 16:24:26,jyhlx111,领取了满99减40元券
【实时弹幕】,1665563077011,2022-10-12 16:24:37,lianweidong,领券下单更优惠
【用户加入购物车】,1665563099007,2022-10-12 16:24:59,吴玉石,134号
【用户正在购买】,1665563109591,2022-10-12 16:25:09,吴玉石,133号
【用户领券】,1665563113234,2022-10-12 16:25:13,jd_52ce3610ae860,领取了满169减70元券
【用户正在购买】,1665563124936,2022-10-12 16:25:24,jd_TLwrZbrXISiK,139号
【用户分享直播间】,1665563142117,2022-10-12 16:25:42,jd_xgeUuyvFVaPJ
【用户正在购买】,1665563181603,2022-10-12 16:26:21,Hgffjbdkgdrtuhhrfgf,132号
【实时弹幕】,1665563243851,2022-10-12 16:27:23,王老吉wx,领券下单更优惠
【用户加入购物车】,1665563254724,2022-10-12 16:27:34,吴玉石,133号
【用户正在购买】,1665563264626,2022-10-12 16:27:44,jd_182754sxr,97号
【用户正在购买】,1665563276508,2022-10-12 16:27:56,jd_182754sxr,95号
【实时弹幕】,1665563313188,2022-10-12 16:28:33,耳东5912,领券下单更优惠
【用户关注】,1665563313304,2022-10-12 16:28:33,耳东5912
【用户正在购买】,1665563336750,2022-10-12 16:28:56,Hgffjbdkgdrtuhhrfgf,139号
【用户领券】,1665563343144,2022-10-12 16:29:03,yjds999,领取了满169减70元券
【用户领券】,1665563347283,2022-10-12 16:29:07,yjds999,领取了满99减40元券
【用户正在购买】,1665563353025,2022-10-12 16:29:13,yjds999,138号
【实时弹幕】,1665563397058,2022-10-12 16:29:57,余皡,领券下单更优惠
【实时弹幕】,1665563485503,2022-10-12 16:31:25,薇薇v1,领券下单更优惠
【实时弹幕】,1665563492818,2022-10-12 16:31:32,hyoxyz,领券下单更优惠
【用户关注】,1665563492908,2022-10-12 16:31:32,hyoxyz
【主播发优惠券】,1665563521509,2022-10-12 16:32:01,主播,70
【用户领券】,1665563545845,2022-10-12 16:32:25,jd_150710dqj,领取了满169减70元券
【用户领券】,1665563594678,2022-10-12 16:33:14,熙熙一个么么哒,领取了满169减70元券
【用户领券】,1665563604522,2022-10-12 16:33:24,如果你冷y,领取了满169减70元券
【用户领券】,1665563607509,2022-10-12 16:33:27,如果你冷y,领取了满99减40元券
【用户领券】,1665563609146,2022-10-12 16:33:29,如果你冷y,领取了满20减5元券
【用户加入购物车】,1665563613901,2022-10-12 16:33:33,熙熙一个么么哒,136号
【用户正在购买】,1665563617223,2022-10-12 16:33:37,jd_PyoCbHKpockj,110号
【用户加入购物车】,1665563621230,2022-10-12 16:33:41,熙熙一个么么哒,134号
【用户正在购买】,1665563638948,2022-10-12 16:33:58,Hgffjbdkgdrtuhhrfgf,Top
【用户正在购买】,1665563659241,2022-10-12 16:34:19,熙熙一个么么哒,80号
【用户领券】,1665563667279,2022-10-12 16:34:27,你别皱眉365,领取了满169减70元券
【用户加入购物车】,1665563691436,2022-10-12 16:34:51,熙熙一个么么哒,65号
【用户正在购买】,1665563695111,2022-10-12 16:34:55,熙熙一个么么哒,65号
【用户加入购物车】,1665563705804,2022-10-12 16:35:05,熙熙一个么么哒,58号
【用户加入购物车】,1665563721191,2022-10-12 16:35:21,熙熙一个么么哒,44号
【用户加入购物车】,1665563721300,2022-10-12 16:35:21,jd_OHRoSCyMvtJz,13号
【用户正在购买】,1665563730172,2022-10-12 16:35:30,jd_OHRoSCyMvtJz,13号
【用户正在购买】,1665563737846,2022-10-12 16:35:37,熙熙一个么么哒,31号
【实时弹幕】,1665563739898,2022-10-12 16:35:39,jd_50511fa3aa7b8,领券下单更优惠
【用户加入购物车】,1665563753068,2022-10-12 16:35:53,熙熙一个么么哒,22号
【用户正在购买】,1665563754862,2022-10-12 16:35:54,熙熙一个么么哒,22号
【用户正在购买】,1665563764745,2022-10-12 16:36:04,熙熙一个么么哒,19号
【实时弹幕】,1665563769460,2022-10-12 16:36:09,BheNtXNjMsur,领券下单更优惠
【实时弹幕】,1665563799844,2022-10-12 16:36:39,JNS1008,领券下单更优惠
【用户关注】,1665563799989,2022-10-12 16:36:39,JNS1008
【用户加入购物车】,1665563873241,2022-10-12 16:37:53,jd_XYihwdBJSciM,78号
【实时弹幕】,1665563883894,2022-10-12 16:38:03,u_avyqjkif5vhv,领券下单更优惠
【用户正在购买】,1665563919903,2022-10-12 16:38:39,Hgffjbdkgdrtuhhrfgf,Top
【实时弹幕】,1665563935229,2022-10-12 16:38:55,jd_139199otf,有没有大礼包
【用户正在购买】,1665563941983,2022-10-12 16:39:01,jd_XYihwdBJSciM,31号
【用户正在购买】,1665563957402,2022-10-12 16:39:17,Hgffjbdkgdrtuhhrfgf,138号
【实时弹幕】,1665563964487,2022-10-12 16:39:24,jd_139199otf,搭配的那种
【实时弹幕】,1665563973676,2022-10-12 16:39:33,jd_139199otf,看看
【实时弹幕】,1665564012502,2022-10-12 16:40:12,jd_139199otf,啥都有么
【用户正在购买】,1665564014727,2022-10-12 16:40:14,u_rmfpn34kcbco,138号
【用户分享直播间】,1665564019622,2022-10-12 16:40:19,tenderblue
【用户正在购买】,1665564041685,2022-10-12 16:40:41,jd_XYihwdBJSciM,136号
【用户正在购买】,1665564058874,2022-10-12 16:40:58,遍体凌伤下的不堪,139号
【用户加入购物车】,1665564059797,2022-10-12 16:40:59,Mr许大白,137号
【实时弹幕】,1665564099503,2022-10-12 16:41:39,jilinlu1948,领券下单更优惠
【用户正在购买】,1665564116475,2022-10-12 16:41:56,urnotchris310,139号
【用户正在购买】,1665564129232,2022-10-12 16:42:09,urnotchris310,128号
【实时弹幕】,1665564133683,2022-10-12 16:42:13,jd_DpTxYntOumrO,领券下单更优惠
【用户正在购买】,1665564165420,2022-10-12 16:42:45,urnotchris310,111号
【用户加入购物车】,1665564181975,2022-10-12 16:43:01,jd_XYihwdBJSciM,136号
【用户加入购物车】,1665564199306,2022-10-12 16:43:19,jd_XYihwdBJSciM,123号
【用户加入购物车】,1665564212202,2022-10-12 16:43:32,熙熙一个么么哒,01号
【用户正在购买】,1665564294966,2022-10-12 16:44:54,Hgffjbdkgdrtuhhrfgf,126号
【用户领券】,1665564358075,2022-10-12 16:45:58,chanyeol_oo,领取了满169减70元券
【用户加入购物车】,1665564382454,2022-10-12 16:46:22,chanyeol_oo,2号
【用户加入购物车】,1665564390188,2022-10-12 16:46:30,chanyeol_oo,9号
【用户加入购物车】,1665564396916,2022-10-12 16:46:36,chanyeol_oo,18号
【用户加入购物车】,1665564399903,2022-10-12 16:46:39,chanyeol_oo,22号
【用户加入购物车】,1665564401211,2022-10-12 16:46:41,chanyeol_oo,23号
【用户加入购物车】,1665564410031,2022-10-12 16:46:50,chanyeol_oo,34号
【用户加入购物车】,1665564412194,2022-10-12 16:46:52,chanyeol_oo,35号
【用户加入购物车】,1665564415692,2022-10-12 16:46:55,chanyeol_oo,41号
【用户加入购物车】,1665564418788,2022-10-12 16:46:58,chanyeol_oo,46号
【用户加入购物车】,1665564420133,2022-10-12 16:47:00,chanyeol_oo,47号
【用户加入购物车】,1665564426940,2022-10-12 16:47:06,chanyeol_oo,54号
【实时弹幕】,1665564427040,2022-10-12 16:47:07,梅杏煮洒,领券下单更优惠
【用户加入购物车】,1665564428778,2022-10-12 16:47:08,chanyeol_oo,58号
【用户加入购物车】,1665564429778,2022-10-12 16:47:09,chanyeol_oo,58号
【用户正在购买】,1665564431800,2022-10-12 16:47:11,Hgffjbdkgdrtuhhrfgf,136号
【实时弹幕】,1665564434371,2022-10-12 16:47:14,jd_zeiJmXcqGZOJ,领券下单更优惠
【用户加入购物车】,1665564438812,2022-10-12 16:47:18,chanyeol_oo,70号
【用户加入购物车】,1665564443915,2022-10-12 16:47:23,chanyeol_oo,84号
【用户加入购物车】,1665564445938,2022-10-12 16:47:25,chanyeol_oo,85号
【用户加入购物车】,1665564449731,2022-10-12 16:47:29,chanyeol_oo,86号
【用户加入购物车】,1665564460767,2022-10-12 16:47:40,chanyeol_oo,104号
【用户领券】,1665564508969,2022-10-12 16:48:28,jd_TiRnmDiCMFnz,领取了满169减70元券
【用户关注】,1665564518068,2022-10-12 16:48:38,jd_LtznkFtGOfts
【用户领券】,1665564526349,2022-10-12 16:48:46,lt毛毛,领取了满169减70元券
【用户正在购买】,1665564534286,2022-10-12 16:48:54,lt毛毛,Top
【用户正在购买】,1665564547457,2022-10-12 16:49:07,jd_133018aab,48号
【用户分享直播间】,1665564550621,2022-10-12 16:49:10,Su-e
【用户加入购物车】,1665564601453,2022-10-12 16:50:01,jd_133018aab,48号
【用户领券】,1665564604191,2022-10-12 16:50:04,爱朕哥抹茶,领取了满169减70元券
【用户正在购买】,1665564604478,2022-10-12 16:50:04,jd_133018aab,48号
【用户正在购买】,1665564640270,2022-10-12 16:50:40,jd_zFptrQMLfSiN,125号
【用户领券】,1665564661485,2022-10-12 16:51:01,chanyeol_oo,领取了满169减70元券
【实时弹幕】,1665564664423,2022-10-12 16:51:04,jd_133018aab,那个岩乳的看看
【用户领券】,1665564665677,2022-10-12 16:51:05,chanyeol_oo,领取了满169减70元券
【用户领券】,1665564666114,2022-10-12 16:51:06,chanyeol_oo,领取了满169减70元券
【用户领券】,1665564669764,2022-10-12 16:51:09,chanyeol_oo,领取了满169减70元券
【用户进入店铺】,1665564672904,2022-10-12 16:51:12,chanyeol_oo,1000006804
【实时弹幕】,1665564695429,2022-10-12 16:51:35,jd_133018aab,谢谢
【用户领券】,1665564709217,2022-10-12 16:51:49,u_6or7x59qkn4u,领取了满169减70元券
【用户正在购买】,1665564721414,2022-10-12 16:52:01,Hgffjbdkgdrtuhhrfgf,48号
【实时弹幕】,1665564722776,2022-10-12 16:52:02,哈哈王一博,有那种礼包装的吗
【用户分享直播间】,1665564742077,2022-10-12 16:52:22,wyh0201
【实时弹幕】,1665564744976,2022-10-12 16:52:24,哈哈王一博,2箱那种
【实时弹幕】,1665564761155,2022-10-12 16:52:41,哈哈王一博,对
【用户加入购物车】,1665564771703,2022-10-12 16:52:51,jd_133018aab,48号
【用户加入购物车】,1665564774473,2022-10-12 16:52:54,jd_133018aab,48号
【用户正在购买】,1665564779831,2022-10-12 16:52:59,哈哈王一博,130号
【用户正在购买】,1665564789029,2022-10-12 16:53:09,哈哈王一博,131号
【用户正在购买】,1665564789206,2022-10-12 16:53:09,小奋啊,139号
【实时弹幕】,1665564798980,2022-10-12 16:53:18,心若向阳阳在天,领券下单更优惠
【实时弹幕】,1665564802834,2022-10-12 16:53:22,jd139205pwa,领券下单更优惠
【用户正在购买】,1665564802920,2022-10-12 16:53:22,Hgffjbdkgdrtuhhrfgf,121号
【实时弹幕】,1665564815572,2022-10-12 16:53:35,jd_139983edq,领券下单更优惠
【主播推送商品】,1665564820051,2022-10-12 16:53:40,主播,121号
【用户正在购买】,1665564822528,2022-10-12 16:53:42,哈哈王一博,121号
【用户正在购买】,1665564824284,2022-10-12 16:53:44,小奋啊,121号
【实时弹幕】,1665564850441,2022-10-12 16:54:10,哈哈王一博,100多
【用户分享直播间】,1665564882276,2022-10-12 16:54:42,wyh0201
【用户加入购物车】,1665564891447,2022-10-12 16:54:51,jd_LdjdqpTXIBNP,136号
【用户领券】,1665564895422,2022-10-12 16:54:55,低头miss,领取了满169减70元券
【用户加入购物车】,1665564896632,2022-10-12 16:54:56,jd_LdjdqpTXIBNP,136号
【用户加入购物车】,1665564915819,2022-10-12 16:55:15,jd_LdjdqpTXIBNP,120号
【实时弹幕】,1665564916911,2022-10-12 16:55:16,syjddtk,领券下单更优惠
【用户加入购物车】,1665564924061,2022-10-12 16:55:24,jd_LdjdqpTXIBNP,118号
【实时弹幕】,1665564926760,2022-10-12 16:55:26,低头miss,领券下单更优惠
【用户关注】,1665564926849,2022-10-12 16:55:26,低头miss
【用户正在购买】,1665564968986,2022-10-12 16:56:08,jd_KloqeeryPDFO,130号
【用户正在购买】,1665564976580,2022-10-12 16:56:16,jd_KloqeeryPDFO,138号
【用户领券】,1665564989627,2022-10-12 16:56:29,ljhwolaiye,领取了满169减70元券
【用户领券】,1665564995260,2022-10-12 16:56:35,ljhwolaiye,领取了满99减40元券
【用户正在购买】,1665564998733,2022-10-12 16:56:38,jd_KloqeeryPDFO,102号
【用户加入购物车】,1665565005703,2022-10-12 16:56:45,jd_KloqeeryPDFO,102号
【用户正在购买】,1665565009368,2022-10-12 16:56:49,jd_KloqeeryPDFO,97号
【用户正在购买】,1665565014718,2022-10-12 16:56:54,jd_KloqeeryPDFO,96号
【用户加入购物车】,1665565018290,2022-10-12 16:56:58,jd_KloqeeryPDFO,96号
【用户加入购物车】,1665565019447,2022-10-12 16:56:59,jd_KloqeeryPDFO,97号
【用户正在购买】,1665565026748,2022-10-12 16:57:06,jd_KloqeeryPDFO,87号
【用户正在购买】,1665565086431,2022-10-12 16:58:06,jd_715dd3b23ba4c,128号
【用户正在购买】,1665565093963,2022-10-12 16:58:13,jd_715dd3b23ba4c,128号
【实时弹幕】,1665565106765,2022-10-12 16:58:26,jd_152003iwh,领券下单更优惠
【用户加入购物车】,1665565117380,2022-10-12 16:58:37,jd_715dd3b23ba4c,128号
【用户正在购买】,1665565132497,2022-10-12 16:58:52,Hgffjbdkgdrtuhhrfgf,Top
【用户领券】,1665565152947,2022-10-12 16:59:12,jd_715dd3b23ba4c,领取了满169减70元券
【用户加入购物车】,1665565154954,2022-10-12 16:59:14,jd_715dd3b23ba4c,Top
【实时弹幕】,1665565163871,2022-10-12 16:59:23,CDY-188144,领券下单更优惠
【用户正在购买】,1665565178727,2022-10-12 16:59:38,jd_715dd3b23ba4c,117号
【用户正在购买】,1665565192669,2022-10-12 16:59:52,jd_715dd3b23ba4c,107号
【用户加入购物车】,1665565207148,2022-10-12 17:00:07,jd_715dd3b23ba4c,104号
【用户加入购物车】,1665565228535,2022-10-12 17:00:28,jd_vAHdMhvQbONQ,35号
【用户正在购买】,1665565230277,2022-10-12 17:00:30,jd_vAHdMhvQbONQ,35号
【用户领券】,1665565268151,2022-10-12 17:01:08,jd_137978frm,领取了满169减70元券
【用户领券】,1665565292521,2022-10-12 17:01:32,jd_137978frm,领取了满99减40元券
【用户领券】,1665565302180,2022-10-12 17:01:42,jd_137978frm,领取了满20减5元券
【实时弹幕】,1665565323659,2022-10-12 17:02:03,jd_7e0867eb749fe,169减70怎么领券？
【用户领券】,1665565341007,2022-10-12 17:02:21,请不要说话-,领取了满169减70元券
【用户正在购买】,1665565343236,2022-10-12 17:02:23,Hgffjbdkgdrtuhhrfgf,138号
【用户正在购买】,1665565344789,2022-10-12 17:02:24,Hgffjbdkgdrtuhhrfgf,138号
【用户领券】,1665565347388,2022-10-12 17:02:27,jd_7e0867eb749fe,领取了满169减70元券
【用户领券】,1665565347917,2022-10-12 17:02:27,Hgffjbdkgdrtuhhrfgf,领取了满169减70元券
【用户分享直播间】,1665565349142,2022-10-12 17:02:29,jd_159388vmm
【用户正在购买】,1665565353312,2022-10-12 17:02:33,请不要说话-,127号
【用户正在购买】,1665565357570,2022-10-12 17:02:37,jd_7be15228e63f9,7号
【用户正在购买】,1665565372710,2022-10-12 17:02:52,请不要说话-,127号
【用户正在购买】,1665565375363,2022-10-12 17:02:55,jd_137978frm,133号
【用户正在购买】,1665565415012,2022-10-12 17:03:35,wdcRrTlaMgoflf,89号
【用户加入购物车】,1665565442736,2022-10-12 17:04:02,请不要说话-,58号
【用户正在购买】,1665565450155,2022-10-12 17:04:10,jd_cMpFTwWsNvSk,136号
【实时弹幕】,1665565454087,2022-10-12 17:04:14,招财猫的小铃铛8,看下74号
【用户加入购物车】,1665565462686,2022-10-12 17:04:22,请不要说话-,45号
【用户领券】,1665565465441,2022-10-12 17:04:25,jd_OEPpmrTKIQES,领取了满169减70元券
【用户加入购物车】,1665565478260,2022-10-12 17:04:38,请不要说话-,33号
【用户加入购物车】,1665565489658,2022-10-12 17:04:49,请不要说话-,20号
【用户正在购买】,1665565515432,2022-10-12 17:05:15,请不要说话-,02号
【实时弹幕】,1665565527609,2022-10-12 17:05:27,wdcRrTlaMgoflf,来个精品坚果大礼包
【用户加入购物车】,1665565539504,2022-10-12 17:05:39,请不要说话-,02号
【用户正在购买】,1665565540664,2022-10-12 17:05:40,jd_cMpFTwWsNvSk,134号
【用户加入购物车】,1665565550265,2022-10-12 17:05:50,请不要说话-,127号
【用户正在购买】,1665565551690,2022-10-12 17:05:51,请不要说话-,127号
【用户加入购物车】,1665565566074,2022-10-12 17:06:06,jd_137978frm,52号
【用户正在购买】,1665565566402,2022-10-12 17:06:06,wdcRrTlaMgoflf,132号
【用户正在购买】,1665565569146,2022-10-12 17:06:09,jd_137978frm,52号
【用户正在购买】,1665565576628,2022-10-12 17:06:16,wdcRrTlaMgoflf,132号
【用户正在购买】,1665565619729,2022-10-12 17:06:59,jd_137978frm,50号
【实时弹幕】,1665565643181,2022-10-12 17:07:23,巴扎嘿lj,全能妈妈坚果有什么优惠
【用户正在购买】,1665565643598,2022-10-12 17:07:23,Hgffjbdkgdrtuhhrfgf,132号
【用户正在购买】,1665565653123,2022-10-12 17:07:33,Hgffjbdkgdrtuhhrfgf,Top
【用户加入购物车】,1665565656931,2022-10-12 17:07:36,jd_137978frm,50号
【实时弹幕】,1665565668506,2022-10-12 17:07:48,Jd_159565vor,领券下单更优惠
【用户关注】,1665565668595,2022-10-12 17:07:48,Jd_159565vor
【用户加入购物车】,1665565669796,2022-10-12 17:07:49,jd_137978frm,48号
【主播发优惠券】,1665565673164,2022-10-12 17:07:53,主播,70
【主播推送商品】,1665565678400,2022-10-12 17:07:58,主播,Top
【用户加入购物车】,1665565698926,2022-10-12 17:08:18,jd_137978frm,39号
【用户分享直播间】,1665565758161,2022-10-12 17:09:18,jd_138560dil
【用户加入购物车】,1665565768362,2022-10-12 17:09:28,13993807263,136号
【实时弹幕】,1665565781529,2022-10-12 17:09:41,jd_pbZgEPEytJzC,领券下单更优惠
【用户关注】,1665565781622,2022-10-12 17:09:41,jd_pbZgEPEytJzC
【用户加入购物车】,1665565809940,2022-10-12 17:10:09,jd_137978frm,136号
【用户正在购买】,1665565826250,2022-10-12 17:10:26,请不要说话-,130号
【主播推送商品】,1665565827863,2022-10-12 17:10:27,主播,111号
【主播推送商品】,1665565829735,2022-10-12 17:10:29,主播,111号
【主播推送商品】,1665565830711,2022-10-12 17:10:30,主播,111号
【用户正在购买】,1665565833961,2022-10-12 17:10:33,请不要说话-,127号
【用户领券】,1665565864587,2022-10-12 17:11:04,13946148310,领取了满169减70元券
【用户加入购物车】,1665565879352,2022-10-12 17:11:19,13946148310,134号
【用户领券】,1665565927419,2022-10-12 17:12:07,jd_139289rav,领取了一张优惠券
【用户加入购物车】,1665565986905,2022-10-12 17:13:06,13946148310,55号
【用户加入购物车】,1665565998342,2022-10-12 17:13:18,13946148310,48号
【用户加入购物车】,1665566017671,2022-10-12 17:13:37,13946148310,41号
【用户领券】,1665566043684,2022-10-12 17:14:03,周饭ncj,领取了满169减70元券
【用户加入购物车】,1665566054918,2022-10-12 17:14:14,周饭ncj,134号
【用户加入购物车】,1665566064350,2022-10-12 17:14:24,周饭ncj,127号
【用户加入购物车】,1665566075167,2022-10-12 17:14:35,周饭ncj,120号
【用户正在购买】,1665566086221,2022-10-12 17:14:46,13946148310,131号
【用户关注】,1665566098023,2022-10-12 17:14:58,德意口腔-2016
【用户加入购物车】,1665566098702,2022-10-12 17:14:58,周饭ncj,90号
【用户加入购物车】,1665566103236,2022-10-12 17:15:03,周饭ncj,87号
【用户加入购物车】,1665566105846,2022-10-12 17:15:05,周饭ncj,85号
【用户正在购买】,1665566109790,2022-10-12 17:15:09,jd_rnCtcxAXtREj,138号
【用户加入购物车】,1665566112708,2022-10-12 17:15:12,周饭ncj,80号
【用户正在购买】,1665566117774,2022-10-12 17:15:17,13946148310,115号
【用户正在购买】,1665566118258,2022-10-12 17:15:18,jd_614*****225a6,130号
【用户正在购买】,1665566119472,2022-10-12 17:15:19,爱生活爱旭哥,Top
【用户加入购物车】,1665566123714,2022-10-12 17:15:23,周饭ncj,67号
【用户加入购物车】,1665566131439,2022-10-12 17:15:31,周饭ncj,59号
【用户正在购买】,1665566132832,2022-10-12 17:15:32,jd_rnCtcxAXtREj,Top
【用户领券】,1665566134625,2022-10-12 17:15:34,jd_187396odh,领取了满169减70元券
【用户加入购物车】,1665566135622,2022-10-12 17:15:35,周饭ncj,53号
【用户正在购买】,1665566135822,2022-10-12 17:15:35,13946148310,110号
【用户加入购物车】,1665566136796,2022-10-12 17:15:36,周饭ncj,52号
【用户领券】,1665566137571,2022-10-12 17:15:37,jd_187396odh,领取了满99减40元券
【用户领券】,1665566139426,2022-10-12 17:15:39,jd_187396odh,领取了满20减5元券
【用户加入购物车】,1665566141427,2022-10-12 17:15:41,周饭ncj,52号
【用户正在购买】,1665566146686,2022-10-12 17:15:46,jd_198587sge,129号
【用户加入购物车】,1665566151060,2022-10-12 17:15:51,周饭ncj,39号
【用户正在购买】,1665566151182,2022-10-12 17:15:51,13946148310,109号
【用户正在购买】,1665566153262,2022-10-12 17:15:53,jd_rnCtcxAXtREj,136号
【用户正在购买】,1665566161871,2022-10-12 17:16:01,周饭ncj,25号
【用户加入购物车】,1665566161938,2022-10-12 17:16:01,jd_rnCtcxAXtREj,136号
【用户正在购买】,1665566167165,2022-10-12 17:16:07,爱生活爱旭哥,137号
【用户加入购物车】,1665566167310,2022-10-12 17:16:07,jd_rnCtcxAXtREj,135号
【用户正在购买】,1665566173687,2022-10-12 17:16:13,Hgffjbdkgdrtuhhrfgf,134号
【用户加入购物车】,1665566175005,2022-10-12 17:16:15,周饭ncj,14号
【用户正在购买】,1665566180536,2022-10-12 17:16:20,jd_rnCtcxAXtREj,131号
【用户正在购买】,1665566182926,2022-10-12 17:16:22,周饭ncj,2号
【用户正在购买】,1665566189660,2022-10-12 17:16:29,jd_rnCtcxAXtREj,128号
【用户正在购买】,1665566224471,2022-10-12 17:17:04,13946148310,131号
【用户正在购买】,1665566225165,2022-10-12 17:17:05,jd_RBTBSJUMGnEw,138号
【用户正在购买】,1665566233975,2022-10-12 17:17:13,hcl001024,135号
【用户正在购买】,1665566245126,2022-10-12 17:17:25,13946148310,115号
【用户正在购买】,1665566255284,2022-10-12 17:17:35,jd_RBTBSJUMGnEw,138号
【用户正在购买】,1665566258782,2022-10-12 17:17:38,13946148310,110号
【用户正在购买】,1665566269348,2022-10-12 17:17:49,13946148310,107号
【实时弹幕】,1665566296134,2022-10-12 17:18:16,u_k54p15z5eoz2,领券下单更优惠
【用户领券】,1665566324804,2022-10-12 17:18:44,jd158271ljg,领取了满169减70元券
【主播推送商品】,1665566328060,2022-10-12 17:18:48,主播,105号
【主播推送商品】,1665566328392,2022-10-12 17:18:48,主播,105号
【用户正在购买】,1665566330214,2022-10-12 17:18:50,jd_rnCtcxAXtREj,76号
【用户正在购买】,1665566337773,2022-10-12 17:18:57,Hgffjbdkgdrtuhhrfgf,105号
【用户正在购买】,1665566352276,2022-10-12 17:19:12,jd_rnCtcxAXtREj,66号
【用户加入购物车】,1665566382698,2022-10-12 17:19:42,jd_rnCtcxAXtREj,48号
【用户加入购物车】,1665566387645,2022-10-12 17:19:47,jd_rnCtcxAXtREj,46号
【用户加入购物车】,1665566392656,2022-10-12 17:19:52,jd_rnCtcxAXtREj,42号
【用户正在购买】,1665566400817,2022-10-12 17:20:00,jd_rnCtcxAXtREj,37号
【用户加入购物车】,1665566428811,2022-10-12 17:20:28,jd_rnCtcxAXtREj,23号
【用户正在购买】,1665566432116,2022-10-12 17:20:32,13946148310,139号
【用户加入购物车】,1665566435280,2022-10-12 17:20:35,jd_rnCtcxAXtREj,16号
【用户加入购物车】,1665566437991,2022-10-12 17:20:37,jd_rnCtcxAXtREj,15号
【用户领券】,1665566439711,2022-10-12 17:20:39,jd_rjwhMjoGfmHp,领取了一张优惠券
【用户正在购买】,1665566443547,2022-10-12 17:20:43,jd_rjwhMjoGfmHp,139号
【用户加入购物车】,1665566444021,2022-10-12 17:20:44,jd_rnCtcxAXtREj,11号
【实时弹幕】,1665566457294,2022-10-12 17:20:57,--金秋枫叶,领券下单更优惠
【实时弹幕】,1665566476921,2022-10-12 17:21:16,jd_4461392eaf3b1,领券下单更优惠
【用户正在购买】,1665566508829,2022-10-12 17:21:48,jd_╰☆╮隨緣♡,Top
【用户正在购买】,1665566612399,2022-10-12 17:23:32,Lillian_214,23号
【用户加入购物车】,1665566619454,2022-10-12 17:23:39,Lillian_214,23号
【用户正在购买】,1665566632316,2022-10-12 17:23:52,Lillian_214,12号
【用户正在购买】,1665566644584,2022-10-12 17:24:04,quan小林,92号
【用户领券】,1665566647106,2022-10-12 17:24:07,jd_QDCOIpDSEfZp,领取了满169减70元券
【用户加入购物车】,1665566657138,2022-10-12 17:24:17,Lillian_214,29号
【用户加入购物车】,1665566662809,2022-10-12 17:24:22,Lillian_214,35号
【实时弹幕】,1665566664463,2022-10-12 17:24:24,jd_╰☆╮隨緣♡,优惠券怎么领
【实时弹幕】,1665566670103,2022-10-12 17:24:30,jd_╰☆╮隨緣♡,优惠券怎么领
【实时弹幕】,1665566672883,2022-10-12 17:24:32,jd_╰☆╮隨緣♡,优惠券怎么领
【用户加入购物车】,1665566673726,2022-10-12 17:24:33,Lillian_214,47号
【用户领券】,1665566686168,2022-10-12 17:24:46,Hgffjbdkgdrtuhhrfgf,领取了满169减70元券
【用户领券】,1665566697142,2022-10-12 17:24:57,jd_╰☆╮隨緣♡,领取了满169减70元券
【用户正在购买】,1665566714697,2022-10-12 17:25:14,jd_61c0787c8dd92,136号
【用户正在购买】,1665566727044,2022-10-12 17:25:27,jd_61c0787c8dd92,136号
【主播发优惠券】,1665566748074,2022-10-12 17:25:48,主播,70
【用户关注】,1665566750555,2022-10-12 17:25:50,Lin残梦
【用户关注】,1665566751148,2022-10-12 17:25:51,jd158271ljg
【用户加入购物车】,1665566779343,2022-10-12 17:26:19,Lin残梦,134号
【用户进入店铺】,1665566784348,2022-10-12 17:26:24,jd_61c0787c8dd92,1000006804
【实时弹幕】,1665566794256,2022-10-12 17:26:34,Lin残梦,领券下单更优惠
【用户领券】,1665566800185,2022-10-12 17:26:40,jd_╰☆╮隨緣♡,领取了满169减70元券
【用户正在购买】,1665566816008,2022-10-12 17:26:56,Lin残梦,127号
【用户加入购物车】,1665566827068,2022-10-12 17:27:07,Lin残梦,127号
【用户正在购买】,1665566829363,2022-10-12 17:27:09,jd_╰☆╮隨緣♡,110号
【实时弹幕】,1665566840966,2022-10-12 17:27:20,露水青衫,领券下单更优惠
【用户加入购物车】,1665566851796,2022-10-12 17:27:31,jd_61c0787c8dd92,136号
【用户正在购买】,1665566867530,2022-10-12 17:27:47,Hgffjbdkgdrtuhhrfgf,130号
【实时弹幕】,1665566871721,2022-10-12 17:27:51,jd_lrhvQENphQrg,OK
【用户正在购买】,1665566897798,2022-10-12 17:28:17,王小红AA,135号
【用户加入购物车】,1665566941211,2022-10-12 17:29:01,Lin残梦,39号
【用户正在购买】,1665566941694,2022-10-12 17:29:01,6向日葵zn,139号
【用户正在购买】,1665566944473,2022-10-12 17:29:04,jd_彬峰12,Top
【用户加入购物车】,1665567006058,2022-10-12 17:30:06,15152806280,134号
【用户加入购物车】,1665567007913,2022-10-12 17:30:07,15152806280,134号
【用户领券】,1665567021965,2022-10-12 17:30:21,6向日葵zn,领取了满169减70元券
【用户加入购物车】,1665567022817,2022-10-12 17:30:22,15152806280,126号
【用户正在购买】,1665567055166,2022-10-12 17:30:55,jd_epCLdFYhlSBV,134号
【用户正在购买】,1665567076954,2022-10-12 17:31:16,jd_彬峰12,139号
【用户正在购买】,1665567082211,2022-10-12 17:31:22,杨洪雨1010,137号
【用户正在购买】,1665567089501,2022-10-12 17:31:29,jd_彬峰12,127号
【主播发优惠券】,1665567097045,2022-10-12 17:31:37,主播,70
【用户领券】,1665567205879,2022-10-12 17:33:25,jd_AYDGFaNeAAaN,领取了满169减70元券
【用户正在购买】,1665567214539,2022-10-12 17:33:34,旭1982,98号
【主播发优惠券】,1665567233821,2022-10-12 17:33:53,主播,70
【用户正在购买】,1665567240134,2022-10-12 17:34:00,Hgffjbdkgdrtuhhrfgf,Top
【用户正在购买】,1665567282031,2022-10-12 17:34:42,旭1982,98号
【实时弹幕】,1665567286037,2022-10-12 17:34:46,jd_SDnudbylgGxY,领券下单更优惠
【用户正在购买】,1665567286952,2022-10-12 17:34:46,啊457110471,130号
【用户正在购买】,1665567338904,2022-10-12 17:35:38,旭1982,101号
【实时弹幕】,1665567355665,2022-10-12 17:35:55,jd_yfeVsULpTRzW,领券下单更优惠
【用户领券】,1665567440522,2022-10-12 17:37:20,jd_7db684962600b,领取了满169减70元券
【用户领券】,1665567444197,2022-10-12 17:37:24,jd_7db684962600b,领取了满99减40元券
【用户正在购买】,1665567455668,2022-10-12 17:37:35,jd_7db684962600b,12号
【实时弹幕】,1665567457181,2022-10-12 17:37:37,jd_yBGBPapVOpLO,领券下单更优惠
【用户领券】,1665567463722,2022-10-12 17:37:43,Hgffjbdkgdrtuhhrfgf,领取了满169减70元券
【用户正在购买】,1665567466100,2022-10-12 17:37:46,jd_ZLZRVrJkwxLK,114号
【用户加入购物车】,1665567471855,2022-10-12 17:37:51,jd_7db684962600b,12号
【用户正在购买】,1665567527232,2022-10-12 17:38:47,jd_7db684962600b,12号
【用户领券】,1665567563253,2022-10-12 17:39:23,袁祎,领取了满169减70元券
【用户领券】,1665567566812,2022-10-12 17:39:26,袁祎,领取了满99减40元券
【用户领券】,1665567568309,2022-10-12 17:39:28,袁祎,领取了满20减5元券
【主播推送商品】,1665567569195,2022-10-12 17:39:29,主播,126号
【用户正在购买】,1665567571495,2022-10-12 17:39:31,袁祎,126号
【用户正在购买】,1665567578080,2022-10-12 17:39:38,袁祎,Top
【用户正在购买】,1665567581290,2022-10-12 17:39:41,oQWZSpFhTwAE,27号
【用户正在购买】,1665567618447,2022-10-12 17:40:18,袁祎,Top
【用户领券】,1665567635194,2022-10-12 17:40:35,yi_31,领取了满99减40元券
【用户正在购买】,1665567641321,2022-10-12 17:40:41,wujia20161111,136号
【用户正在购买】,1665567642213,2022-10-12 17:40:42,袁祎,139号
【实时弹幕】,1665567661302,2022-10-12 17:41:01,jd_jEpmXYCFCVcC,领券下单更优惠
【用户关注】,1665567661377,2022-10-12 17:41:01,jd_jEpmXYCFCVcC
【用户正在购买】,1665567663405,2022-10-12 17:41:03,袁祎,137号
【用户正在购买】,1665567674742,2022-10-12 17:41:14,袁祎,134号
【用户正在购买】,1665567688163,2022-10-12 17:41:28,袁祎,130号
【用户正在购买】,1665567713659,2022-10-12 17:41:53,jd_158431evm,130号
【用户正在购买】,1665567728607,2022-10-12 17:42:08,袁祎,116号
【用户正在购买】,1665567737033,2022-10-12 17:42:17,jd_158431evm,130号
【用户正在购买】,1665567737511,2022-10-12 17:42:17,袁祎,111号
【用户领券】,1665567753036,2022-10-12 17:42:33,jd_158431evm,领取了满169减70元券
【用户领券】,1665567755453,2022-10-12 17:42:35,jd_158431evm,领取了满99减40元券
【用户正在购买】,1665567793722,2022-10-12 17:43:13,zhengjie88098510,123号
【实时弹幕】,1665567800546,2022-10-12 17:43:20,jd_baIBYiXdQdCT,领券下单更优惠
【用户加入购物车】,1665567808761,2022-10-12 17:43:28,13728325508_p,134号
【用户正在购买】,1665567811543,2022-10-12 17:43:31,feiwuxiaot,130号
【用户正在购买】,1665567813122,2022-10-12 17:43:33,13728325508_p,134号
【用户正在购买】,1665567833957,2022-10-12 17:43:53,jd_139199otf,35号
【实时弹幕】,1665567863635,2022-10-12 17:44:23,jd_aaZDLGyJjvct,领券下单更优惠
【用户正在购买】,1665567950601,2022-10-12 17:45:50,江配娟,Top
【用户关注】,1665567955580,2022-10-12 17:45:55,jd_158431evm
【实时弹幕】,1665567958898,2022-10-12 17:45:58,Gegezhuding,领券下单更优惠
【用户关注】,1665567958977,2022-10-12 17:45:58,Gegezhuding
【用户正在购买】,1665568118397,2022-10-12 17:48:38,RQTYkzipJmxB,Top
【用户领券】,1665568131143,2022-10-12 17:48:51,jd_JiYYRUrspAmW,领取了满169减70元券
【用户加入购物车】,1665568147241,2022-10-12 17:49:07,jd_JiYYRUrspAmW,136号
【用户加入购物车】,1665568153516,2022-10-12 17:49:13,jd_JiYYRUrspAmW,135号
【用户加入购物车】,1665568161096,2022-10-12 17:49:21,jd_JiYYRUrspAmW,127号
【用户正在购买】,1665568166462,2022-10-12 17:49:26,Hgffjbdkgdrtuhhrfgf,Top
【用户加入购物车】,1665568186450,2022-10-12 17:49:46,jd_JiYYRUrspAmW,96号
【用户正在购买】,1665568188051,2022-10-12 17:49:48,jd_mCZZolMHoIfO,79号
【用户加入购物车】,1665568195865,2022-10-12 17:49:55,jd_JiYYRUrspAmW,87号
【用户正在购买】,1665568196758,2022-10-12 17:49:56,jd_7cef46aba600c,Top
【用户加入购物车】,1665568198700,2022-10-12 17:49:58,jd_JiYYRUrspAmW,86号
【用户加入购物车】,1665568200739,2022-10-12 17:50:00,jd_JiYYRUrspAmW,85号
【用户加入购物车】,1665568203061,2022-10-12 17:50:03,jd_JiYYRUrspAmW,84号
【用户加入购物车】,1665568227502,2022-10-12 17:50:27,jd_JiYYRUrspAmW,59号
【用户加入购物车】,1665568251399,2022-10-12 17:50:51,jd_JiYYRUrspAmW,58号
【用户加入购物车】,1665568257395,2022-10-12 17:50:57,jd_JiYYRUrspAmW,49号
【实时弹幕】,1665568262824,2022-10-12 17:51:02,jiangbo787878,领券下单更优惠
【实时弹幕】,1665568272835,2022-10-12 17:51:12,u_gvuca1jheowa,领券下单更优惠
【用户加入购物车】,1665568288116,2022-10-12 17:51:28,jd_JiYYRUrspAmW,18号
【用户领券】,1665568299918,2022-10-12 17:51:39,18728268357a,领取了满169减70元券
【用户加入购物车】,1665568312838,2022-10-12 17:51:52,jd_JiYYRUrspAmW,09号
【用户加入购物车】,1665568323564,2022-10-12 17:52:03,jd_JiYYRUrspAmW,20号
【用户正在购买】,1665568326978,2022-10-12 17:52:06,jd_158431evm,138号
【用户加入购物车】,1665568331085,2022-10-12 17:52:11,jd_JiYYRUrspAmW,29号
【用户领券】,1665568340656,2022-10-12 17:52:20,小轻程111,领取了满169减70元券
【用户加入购物车】,1665568341640,2022-10-12 17:52:21,jd_JiYYRUrspAmW,38号
【用户加入购物车】,1665568345522,2022-10-12 17:52:25,jd_JiYYRUrspAmW,42号
【用户领券】,1665568346201,2022-10-12 17:52:26,小轻程111,领取了满99减40元券
【用户加入购物车】,1665568353490,2022-10-12 17:52:33,jd_JiYYRUrspAmW,42号
【用户加入购物车】,1665568356470,2022-10-12 17:52:36,jd_158431evm,134号
【用户正在购买】,1665568360619,2022-10-12 17:52:40,jd_158431evm,133号
【用户加入购物车】,1665568363596,2022-10-12 17:52:43,jd_JiYYRUrspAmW,53号
【用户加入购物车】,1665568363905,2022-10-12 17:52:43,jd_158431evm,133号
【用户正在购买】,1665568374561,2022-10-12 17:52:54,jd_158431evm,124号
【用户加入购物车】,1665568378917,2022-10-12 17:52:58,jd_158431evm,124号
【用户正在购买】,1665568391307,2022-10-12 17:53:11,jd_158431evm,121号
【实时弹幕】,1665568398330,2022-10-12 17:53:18,小轻程111,领券下单更优惠
【用户关注】,1665568398446,2022-10-12 17:53:18,小轻程111
【用户领券】,1665568401056,2022-10-12 17:53:21,jd_139433tge,领取了满169减70元券
【用户领券】,1665568404616,2022-10-12 17:53:24,jd_150070gak,领取了满169减70元券
【用户正在购买】,1665568404693,2022-10-12 17:53:24,jd_158431evm,116号
【用户领券】,1665568406213,2022-10-12 17:53:26,jd_150070gak,领取了满99减40元券
【用户正在购买】,1665568410401,2022-10-12 17:53:30,jd_158431evm,115号
【用户正在购买】,1665568413641,2022-10-12 17:53:33,jd_158431evm,114号
【用户正在购买】,1665568419534,2022-10-12 17:53:39,jd_158431evm,109号
【用户进入店铺】,1665568421715,2022-10-12 17:53:41,小轻程111,1000006804
【实时弹幕】,1665568431216,2022-10-12 17:53:51,Lily_Chenliping,领券下单更优惠
【用户正在购买】,1665568433437,2022-10-12 17:53:53,jd_152029spn,135号
【用户正在购买】,1665568437925,2022-10-12 17:53:57,jd_158431evm,97号
【用户正在购买】,1665568442799,2022-10-12 17:54:02,jd_150070gak,Top
【用户正在购买】,1665568464187,2022-10-12 17:54:24,jd_158431evm,88号
【用户正在购买】,1665568474519,2022-10-12 17:54:34,jd_150070gak,139号
【用户正在购买】,1665568475633,2022-10-12 17:54:35,jd_158431evm,82号
【实时弹幕】,1665568486185,2022-10-12 17:54:46,qinfeng520520,领券下单更优惠
【用户加入购物车】,1665568496072,2022-10-12 17:54:56,jd_158431evm,65号
【用户正在购买】,1665568504224,2022-10-12 17:55:04,jd_158431evm,64号
【用户正在购买】,1665568511477,2022-10-12 17:55:11,jd_55372ee635229,123号
【用户加入购物车】,1665568511510,2022-10-12 17:55:11,jd_158431evm,64号
【用户正在购买】,1665568518628,2022-10-12 17:55:18,jd_55372ee635229,123号
【用户加入购物车】,1665568535680,2022-10-12 17:55:35,jd_158431evm,33号
【用户正在购买】,1665568560419,2022-10-12 17:56:00,jd_158431evm,8号
【用户正在购买】,1665568570734,2022-10-12 17:56:10,jd_155181hao,128号
【用户正在购买】,1665568587689,2022-10-12 17:56:27,jd_158431evm,6号
【用户正在购买】,1665568612428,2022-10-12 17:56:52,jd_155181hao,120号
【用户加入购物车】,1665568612884,2022-10-12 17:56:52,jd_158431evm,6号
【用户加入购物车】,1665568614003,2022-10-12 17:56:54,jd_158431evm,5号
【用户加入购物车】,1665568616611,2022-10-12 17:56:56,jd_158431evm,5号
【用户正在购买】,1665568619544,2022-10-12 17:56:59,jd_mZXxVzefFILw,139号
【用户加入购物车】,1665568625358,2022-10-12 17:57:05,jd_158431evm,1号
【实时弹幕】,1665568659486,2022-10-12 17:57:39,jd_158431evm,领券下单更优惠
【用户正在购买】,1665568664231,2022-10-12 17:57:44,jd_155181hao,135号
【用户分享直播间】,1665568691051,2022-10-12 17:58:11,jd_185036ejr
【用户领券】,1665568757693,2022-10-12 17:59:17,u_zkb61o4do1po,领取了满169减70元券
【用户加入购物车】,1665568766666,2022-10-12 17:59:26,jd_177103lyi,Top
【用户正在购买】,1665568768299,2022-10-12 17:59:28,jd_177103lyi,Top
【用户正在购买】,1665568788837,2022-10-12 17:59:48,jd_177103lyi,Top
【用户正在购买】,1665568823053,2022-10-12 18:00:23,jd_158431evm,87号
【用户正在购买】,1665568844312,2022-10-12 18:00:44,jd_158431evm,112号
【用户正在购买】,1665568850537,2022-10-12 18:00:50,jd_158431evm,114号
【用户加入购物车】,1665568854580,2022-10-12 18:00:54,积极陶2008,136号
【用户正在购买】,1665568857954,2022-10-12 18:00:57,jd_158431evm,115号
【用户正在购买】,1665568865559,2022-10-12 18:01:05,jd_158431evm,116号
【实时弹幕】,1665568873079,2022-10-12 18:01:13,jd_155300ube,139号比昨天贵了？
【用户正在购买】,1665568873795,2022-10-12 18:01:13,小鸡米赫,Top
【用户正在购买】,1665568880699,2022-10-12 18:01:20,Hgffjbdkgdrtuhhrfgf,139号
【用户领券】,1665568890153,2022-10-12 18:01:30,小鸡米赫,领取了满169减70元券
【用户领券】,1665568894091,2022-10-12 18:01:34,小鸡米赫,领取了满99减40元券
【用户领券】,1665568900939,2022-10-12 18:01:40,jd_150070gak,领取了满169减70元券
【用户加入购物车】,1665568901079,2022-10-12 18:01:41,小鸡米赫,Top
【用户加入购物车】,1665568902676,2022-10-12 18:01:42,小鸡米赫,139号
【用户领券】,1665568904782,2022-10-12 18:01:44,jd_150070gak,领取了满99减40元券
【实时弹幕】,1665568906072,2022-10-12 18:01:46,jd_155300ube,不能按昨天的价格拍吗？
【实时弹幕】,1665568934567,2022-10-12 18:02:14,jd_158431evm,怎么充
【用户正在购买】,1665568958673,2022-10-12 18:02:38,jd_IQCfmFvSXLIZ,139号
【用户正在购买】,1665568983212,2022-10-12 18:03:03,寒了个心,84号
【用户领券】,1665568984291,2022-10-12 18:03:04,Clover-B,领取了满169减70元券
【用户加入购物车】,1665568986703,2022-10-12 18:03:06,Clover-B,Top
【用户正在购买】,1665568988229,2022-10-12 18:03:08,旭1982,98号
【用户正在购买】,1665569022532,2022-10-12 18:03:42,jd_150070gak,130号
【用户加入购物车】,1665569057483,2022-10-12 18:04:17,jd_150070gak,127号
【用户加入购物车】,1665569061120,2022-10-12 18:04:21,jd_150070gak,126号
【用户正在购买】,1665569068247,2022-10-12 18:04:28,jd_150070gak,122号
【用户领券】,1665569070028,2022-10-12 18:04:30,jd_189237pcn,领取了满169减70元券
【用户领券】,1665569073762,2022-10-12 18:04:33,jd_pXAHQDQYgaEY,领取了满169减70元券
【用户领券】,1665569078618,2022-10-12 18:04:38,jd_189237pcn,领取了满99减40元券
【用户正在购买】,1665569085834,2022-10-12 18:04:45,jd_pXAHQDQYgaEY,139号
【用户正在购买】,1665569088466,2022-10-12 18:04:48,无糖龙须酥呐3,139号
【用户正在购买】,1665569095216,2022-10-12 18:04:55,jd_47cddb8377270,139号
【用户正在购买】,1665569199420,2022-10-12 18:06:39,Hgffjbdkgdrtuhhrfgf,Top
【用户正在购买】,1665569230656,2022-10-12 18:07:10,无糖龙须酥呐3,128号
【用户正在购买】,1665569266097,2022-10-12 18:07:46,jd_7cef46aba600c,Top
【用户正在购买】,1665569312382,2022-10-12 18:08:32,jd_WjwLpcjUpMZb,137号
【实时弹幕】,1665569316682,2022-10-12 18:08:36,旭1982,脆冬枣下单多少?
