【实时弹幕】,1665465485270,2022-10-11 13:18:05,jd_GPHIHyRhMvRz,领券下单更优惠
【主播推送商品】,1665465488900,2022-10-11 13:18:08,主播,138号
【实时弹幕】,1665465496380,2022-10-11 13:18:16,dawensger,领券下单更优惠
【主播推送商品】,1665465504744,2022-10-11 13:18:24,主播,138号
【主播推送商品】,1665465516890,2022-10-11 13:18:36,主播,138号
【实时弹幕】,1665465520533,2022-10-11 13:18:40,jxc800,领券下单更优惠
【主播推送商品】,1665465528826,2022-10-11 13:18:48,主播,138号
【用户正在购买】,1665465530374,2022-10-11 13:18:50,jd_139820jbs,138号
【实时弹幕】,1665465533326,2022-10-11 13:18:53,qzllh,领券下单更优惠
【主播推送商品】,1665465539172,2022-10-11 13:18:59,主播,138号
【主播推送商品】,1665465549598,2022-10-11 13:19:09,主播,138号
【主播推送商品】,1665465557773,2022-10-11 13:19:17,主播,138号
【主播推送商品】,1665465572333,2022-10-11 13:19:32,主播,138号
【实时弹幕】,1665465573136,2022-10-11 13:19:33,jd_135004xvy,领券下单更优惠
【主播推送商品】,1665465577175,2022-10-11 13:19:37,主播,138号
【主播发优惠券】,1665465589456,2022-10-11 13:19:49,主播,5
【主播推送商品】,1665465595833,2022-10-11 13:19:55,主播,138号
【用户正在购买】,1665465604787,2022-10-11 13:20:04,jd_MfawYXCPdqzY,138号
【主播推送商品】,1665465608828,2022-10-11 13:20:08,主播,138号
【实时弹幕】,1665465615078,2022-10-11 13:20:15,jd_189377wxx,领券下单更优惠
【主播推送商品】,1665465627201,2022-10-11 13:20:27,主播,138号
【主播推送商品】,1665465634326,2022-10-11 13:20:34,主播,138号
【主播发优惠券】,1665465639071,2022-10-11 13:20:39,主播,5
【实时弹幕】,1665465639131,2022-10-11 13:20:39,井焕琳,领券下单更优惠
【实时弹幕】,1665465645703,2022-10-11 13:20:45,jd_7eb8a6c355426,领券下单更优惠
【实时弹幕】,1665465645857,2022-10-11 13:20:45,jd_139962qffe,领券下单更优惠
【实时弹幕】,1665465648923,2022-10-11 13:20:48,jd_OJyDkuIWHULN,领券下单更优惠
【用户正在购买】,1665465663577,2022-10-11 13:21:03,LAO可爱多,Top
【实时弹幕】,1665465664030,2022-10-11 13:21:04,jd_l_xi286,领券下单更优惠
【实时弹幕】,1665465673902,2022-10-11 13:21:13,jd_jWBoTTYtqevb,领券下单更优惠
【实时弹幕】,1665465697359,2022-10-11 13:21:37,lixiaoshen_2010,领券下单更优惠
【主播推送商品】,1665465698740,2022-10-11 13:21:38,主播,137号
【主播推送商品】,1665465705994,2022-10-11 13:21:45,主播,137号
【实时弹幕】,1665465709219,2022-10-11 13:21:49,jd_GOrwBfSMEVlz,领券下单更优惠
【实时弹幕】,1665465715265,2022-10-11 13:21:55,猪毛毛狗狗子,领券下单更优惠
【实时弹幕】,1665465715990,2022-10-11 13:21:55,Tuuxiao,领券下单更优惠
【主播推送商品】,1665465717240,2022-10-11 13:21:57,主播,137号
【用户正在购买】,1665465732995,2022-10-11 13:22:12,jd_UPXNBfTDvmSZ,109号
【实时弹幕】,1665465733248,2022-10-11 13:22:13,jd_138223dno,领券下单更优惠
【主播推送商品】,1665465736658,2022-10-11 13:22:16,主播,137号
【主播推送商品】,1665465742069,2022-10-11 13:22:22,主播,137号
【主播推送商品】,1665465751476,2022-10-11 13:22:31,主播,137号
【主播推送商品】,1665465761766,2022-10-11 13:22:41,主播,137号
【主播推送商品】,1665465771493,2022-10-11 13:22:51,主播,137号
【主播发优惠券】,1665465776607,2022-10-11 13:22:56,主播,5
【用户正在购买】,1665465781366,2022-10-11 13:23:01,jd_kUJzsRuaKuRM,137号
【实时弹幕】,1665465783468,2022-10-11 13:23:03,jd_yqdz,领券下单更优惠
【实时弹幕】,1665465784446,2022-10-11 13:23:04,jd_130380xfe,领券下单更优惠
【主播推送商品】,1665465786964,2022-10-11 13:23:06,主播,137号
【主播推送商品】,1665465793182,2022-10-11 13:23:13,主播,137号
【用户正在购买】,1665465797369,2022-10-11 13:23:17,jd_UPXNBfTDvmSZ,102号
【用户正在购买】,1665465803296,2022-10-11 13:23:23,jd_miaPsbRTPNnn,33号
【实时弹幕】,1665465814768,2022-10-11 13:23:34,jd_136071adn,领券下单更优惠
【主播推送商品】,1665465816887,2022-10-11 13:23:36,主播,137号
【主播推送商品】,1665465835271,2022-10-11 13:23:55,主播,137号
【用户领券】,1665465841605,2022-10-11 13:24:01,梦琳8,领取了满99减30元券
【用户领券】,1665465843179,2022-10-11 13:24:03,梦琳8,领取了满169减50元券
【实时弹幕】,1665465843836,2022-10-11 13:24:03,jd_PDEOwBhYEzaT,领券下单更优惠
【主播发优惠券】,1665465851425,2022-10-11 13:24:11,主播,5
【实时弹幕】,1665465861123,2022-10-11 13:24:21,jd_137020pfk,领券下单更优惠
【实时弹幕】,1665465868587,2022-10-11 13:24:28,Oxford11,领券下单更优惠
【用户正在购买】,1665465870380,2022-10-11 13:24:30,梦琳8,131号
【用户正在购买】,1665465880140,2022-10-11 13:24:40,梦琳8,129号
【主播推送商品】,1665465880837,2022-10-11 13:24:40,主播,136号
【实时弹幕】,1665465906538,2022-10-11 13:25:06,jd_137370tgh,领券下单更优惠
【主播推送商品】,1665465907553,2022-10-11 13:25:07,主播,136号
【实时弹幕】,1665465915791,2022-10-11 13:25:15,chenli-9999,领券下单更优惠
【实时弹幕】,1665465929263,2022-10-11 13:25:29,山姆-Sam,领券下单更优惠
【主播推送商品】,1665465931291,2022-10-11 13:25:31,主播,136号
【实时弹幕】,1665465940820,2022-10-11 13:25:40,jd_139062kok,领券下单更优惠
【主播推送商品】,1665465961147,2022-10-11 13:26:01,主播,136号
【实时弹幕】,1665465967558,2022-10-11 13:26:07,hrc369,领券下单更优惠
【用户关注】,1665465967641,2022-10-11 13:26:07,hrc369
【主播发优惠券】,1665465980673,2022-10-11 13:26:20,主播,10
【用户关注】,1665465982601,2022-10-11 13:26:22,ArvaxoHdPTnA
【实时弹幕】,1665465985931,2022-10-11 13:26:25,jxzl121,领券下单更优惠
【主播推送商品】,1665466000425,2022-10-11 13:26:40,主播,136号
【实时弹幕】,1665466009064,2022-10-11 13:26:49,黑暗之光gyj,领券下单更优惠
【用户关注】,1665466009143,2022-10-11 13:26:49,黑暗之光gyj
【主播推送商品】,1665466011826,2022-10-11 13:26:51,主播,136号
【主播推送商品】,1665466034245,2022-10-11 13:27:14,主播,136号
【用户正在购买】,1665466037833,2022-10-11 13:27:17,fmjbaby520,132号
【用户加入购物车】,1665466043135,2022-10-11 13:27:23,梦琳8,121号
【用户正在购买】,1665466045329,2022-10-11 13:27:25,梦琳8,121号
【主播推送商品】,1665466046328,2022-10-11 13:27:26,主播,136号
【实时弹幕】,1665466050161,2022-10-11 13:27:30,jd_安岳福,领券下单更优惠
【主播发优惠券】,1665466065071,2022-10-11 13:27:45,主播,10
【实时弹幕】,1665466088189,2022-10-11 13:28:08,花好月圆219,领券下单更优惠
【实时弹幕】,1665466094156,2022-10-11 13:28:14,jd_161671900,领券下单更优惠
【主播推送商品】,1665466106302,2022-10-11 13:28:26,主播,128号
【实时弹幕】,1665466108950,2022-10-11 13:28:28,汤国鹏,领券下单更优惠
【用户关注】,1665466109061,2022-10-11 13:28:29,汤国鹏
【用户正在购买】,1665466111127,2022-10-11 13:28:31,fmjbaby520,114号
【实时弹幕】,1665466117363,2022-10-11 13:28:37,十言八平子,领券下单更优惠
【用户加入购物车】,1665466123496,2022-10-11 13:28:43,汤国鹏,131号
【实时弹幕】,1665466130529,2022-10-11 13:28:50,vlapi,领券下单更优惠
【用户正在购买】,1665466130562,2022-10-11 13:28:50,汤国鹏,140号
【用户关注】,1665466130599,2022-10-11 13:28:50,vlapi
【用户正在购买】,1665466141022,2022-10-11 13:29:01,fmjbaby520,113号
【实时弹幕】,1665466151903,2022-10-11 13:29:11,sunny-rabbit,领券下单更优惠
【实时弹幕】,1665466159491,2022-10-11 13:29:19,Alanai98,领券下单更优惠
【用户正在购买】,1665466178038,2022-10-11 13:29:38,fmjbaby520,109号
【实时弹幕】,1665466181509,2022-10-11 13:29:41,jd_rUZvJicQivtf,领券下单更优惠
【用户关注】,1665466181663,2022-10-11 13:29:41,jd_rUZvJicQivtf
【用户正在购买】,1665466197151,2022-10-11 13:29:57,fmjbaby520,106号
【主播推送商品】,1665466200019,2022-10-11 13:30:00,主播,114号
【主播推送商品】,1665466204581,2022-10-11 13:30:04,主播,128号
【实时弹幕】,1665466212599,2022-10-11 13:30:12,jd_jnfUoJhfJuAW,领券下单更优惠
【用户正在购买】,1665466216165,2022-10-11 13:30:16,fmjbaby520,104号
【实时弹幕】,1665466218550,2022-10-11 13:30:18,美好生活靠自己666666,领券下单更优惠
【主播推送商品】,1665466220889,2022-10-11 13:30:20,主播,128号
【用户正在购买】,1665466225138,2022-10-11 13:30:25,fmjbaby520,104号
【用户加入购物车】,1665466230140,2022-10-11 13:30:30,fmjbaby520,104号
【用户正在购买】,1665466230998,2022-10-11 13:30:30,fmjbaby520,104号
【实时弹幕】,1665466235165,2022-10-11 13:30:35,jd_135815nny,领券下单更优惠
【主播推送商品】,1665466237857,2022-10-11 13:30:37,主播,128号
【用户正在购买】,1665466254090,2022-10-11 13:30:54,fmjbaby520,91号
【用户正在购买】,1665466255339,2022-10-11 13:30:55,jd_eQhJzdYdYWNT,Top
【实时弹幕】,1665466255466,2022-10-11 13:30:55,jd_qKqQVlwNunNK,领券下单更优惠
【实时弹幕】,1665466262556,2022-10-11 13:31:02,jd_qKqQVlwNunNK,领券下单更优惠
【用户关注】,1665466262621,2022-10-11 13:31:02,jd_qKqQVlwNunNK
【主播推送商品】,1665466262976,2022-10-11 13:31:02,主播,128号
【用户正在购买】,1665466274740,2022-10-11 13:31:14,jd_189039ipe,120号
【主播推送商品】,1665466276552,2022-10-11 13:31:16,主播,128号
【主播推送商品】,1665466284344,2022-10-11 13:31:24,主播,128号
【主播推送商品】,1665466292775,2022-10-11 13:31:32,主播,128号
【用户正在购买】,1665466296736,2022-10-11 13:31:36,fmjbaby520,78号
【实时弹幕】,1665466310406,2022-10-11 13:31:50,昊嵄,领券下单更优惠
【用户加入购物车】,1665466310869,2022-10-11 13:31:50,jd_eQhJzdYdYWNT,140号
【主播推送商品】,1665466311542,2022-10-11 13:31:51,主播,128号
【用户正在购买】,1665466312256,2022-10-11 13:31:52,jd_eQhJzdYdYWNT,140号
【实时弹幕】,1665466314639,2022-10-11 13:31:54,L15123846161,领券下单更优惠
【实时弹幕】,1665466321221,2022-10-11 13:32:01,jiangy112,领券下单更优惠
【用户正在购买】,1665466323346,2022-10-11 13:32:03,fmjbaby520,74号
【实时弹幕】,1665466328171,2022-10-11 13:32:08,jd_139015zbw一虎哥,领券下单更优惠
【实时弹幕】,1665466328345,2022-10-11 13:32:08,jd_187284jxmy,领券下单更优惠
【实时弹幕】,1665466364104,2022-10-11 13:32:44,jingdongduba,领券下单更优惠
【用户关注】,1665466364260,2022-10-11 13:32:44,jingdongduba
【用户正在购买】,1665466364914,2022-10-11 13:32:44,fmjbaby520,32号
【主播推送商品】,1665466365377,2022-10-11 13:32:45,主播,127号
【用户加入购物车】,1665466370850,2022-10-11 13:32:50,苏黛哟,140号
【主播推送商品】,1665466384419,2022-10-11 13:33:04,主播,127号
【实时弹幕】,1665466386256,2022-10-11 13:33:06,jd_131300buf,领券下单更优惠
【用户关注】,1665466386337,2022-10-11 13:33:06,jd_131300buf
【实时弹幕】,1665466396336,2022-10-11 13:33:16,UmcpfEmrpkVV,领券下单更优惠
【用户关注】,1665466396400,2022-10-11 13:33:16,UmcpfEmrpkVV
【用户正在购买】,1665466396721,2022-10-11 13:33:16,fmjbaby520,01号
【实时弹幕】,1665466404416,2022-10-11 13:33:24,伟伟鼠仔,领券下单更优惠
【主播推送商品】,1665466416414,2022-10-11 13:33:36,主播,127号
【用户正在购买】,1665466418903,2022-10-11 13:33:38,UmcpfEmrpkVV,Top
【用户正在购买】,1665466419827,2022-10-11 13:33:39,fmjbaby520,30号
【用户正在购买】,1665466427423,2022-10-11 13:33:47,fmjbaby520,31号
【实时弹幕】,1665466431292,2022-10-11 13:33:51,自由的兔子哦,领券下单更优惠
【实时弹幕】,1665466431878,2022-10-11 13:33:51,jd_132626ubh,领券下单更优惠
【用户正在购买】,1665466432548,2022-10-11 13:33:52,fmjbaby520,32号
【实时弹幕】,1665466434492,2022-10-11 13:33:54,jd_IIPmTlUWRMCw,领券下单更优惠
【实时弹幕】,1665466435684,2022-10-11 13:33:55,jd_135127ubl,领券下单更优惠
【主播推送商品】,1665466436942,2022-10-11 13:33:56,主播,79号
【实时弹幕】,1665466442847,2022-10-11 13:34:02,茶壶中小仙,领券下单更优惠
【用户正在购买】,1665466444624,2022-10-11 13:34:04,fmjbaby520,45号
【主播发优惠券】,1665466446901,2022-10-11 13:34:06,主播,10
【用户正在购买】,1665466450076,2022-10-11 13:34:10,fmjbaby520,47号
【实时弹幕】,1665466455734,2022-10-11 13:34:15,jd_tgSnrsULJPve,领券下单更优惠
【用户正在购买】,1665466462239,2022-10-11 13:34:22,fmjbaby520,48号
【用户领券】,1665466473854,2022-10-11 13:34:33,jd_IIPmTlUWRMCw,领取了满99减30元券
【用户正在购买】,1665466474664,2022-10-11 13:34:34,fmjbaby520,53号
【用户正在购买】,1665466482089,2022-10-11 13:34:42,fmjbaby520,51号
【实时弹幕】,1665466486704,2022-10-11 13:34:46,fffzzz,领券下单更优惠
【用户关注】,1665466486773,2022-10-11 13:34:46,fffzzz
【用户正在购买】,1665466504958,2022-10-11 13:35:04,jd_IIPmTlUWRMCw,121号
【主播发优惠券】,1665466516743,2022-10-11 13:35:16,主播,10
【用户关注】,1665466518568,2022-10-11 13:35:18,jd_62d1c284c13b5
【实时弹幕】,1665466524084,2022-10-11 13:35:24,柠檬它绿,领券下单更优惠
【用户正在购买】,1665466526073,2022-10-11 13:35:26,fmjbaby520,108号
【主播推送商品】,1665466527610,2022-10-11 13:35:27,主播,79号
【用户正在购买】,1665466529193,2022-10-11 13:35:29,踏踏特特裤,79号
【用户正在购买】,1665466531353,2022-10-11 13:35:31,fmjbaby520,107号
【用户正在购买】,1665466531516,2022-10-11 13:35:31,UmcpfEmrpkVV,79号
【用户正在购买】,1665466535619,2022-10-11 13:35:35,fmjbaby520,107号
【实时弹幕】,1665466544469,2022-10-11 13:35:44,jd硕硕wbg,领券下单更优惠
【用户正在购买】,1665466544917,2022-10-11 13:35:44,fmjbaby520,110号
【用户加入购物车】,1665466546381,2022-10-11 13:35:46,UmcpfEmrpkVV,79号
【主播发优惠券】,1665466550621,2022-10-11 13:35:50,主播,10
【用户正在购买】,1665466552135,2022-10-11 13:35:52,UmcpfEmrpkVV,79号
【主播推送商品】,1665466554033,2022-10-11 13:35:54,主播,79号
【实时弹幕】,1665466558104,2022-10-11 13:35:58,jd_186931hqd,领券下单更优惠
【实时弹幕】,1665466569738,2022-10-11 13:36:09,人生如酒莫贪杯,领券下单更优惠
【用户正在购买】,1665466577250,2022-10-11 13:36:17,fmjbaby520,119号
【用户正在购买】,1665466590576,2022-10-11 13:36:30,jd_130818qok,68号
【实时弹幕】,1665466606681,2022-10-11 13:36:46,jyr001,领券下单更优惠
【实时弹幕】,1665466612253,2022-10-11 13:36:52,米利都啊,领券下单更优惠
【实时弹幕】,1665466612387,2022-10-11 13:36:52,Toby-5931,领券下单更优惠
【实时弹幕】,1665466630107,2022-10-11 13:37:10,jd_6d416540a09b1,领券下单更优惠
【用户正在购买】,1665466640798,2022-10-11 13:37:20,fmjbaby520,116号
【实时弹幕】,1665466651881,2022-10-11 13:37:31,jd130969sry,领券下单更优惠
【主播推送商品】,1665466652712,2022-10-11 13:37:32,主播,79号
【实时弹幕】,1665466678534,2022-10-11 13:37:58,u_celh6rg6pcfd,领券下单更优惠
【实时弹幕】,1665466691738,2022-10-11 13:38:11,jd_139100zbr,领券下单更优惠
【主播推送商品】,1665466692014,2022-10-11 13:38:12,主播,140号
【实时弹幕】,1665466708335,2022-10-11 13:38:28,DRH1314DRH,领券下单更优惠
【实时弹幕】,1665466724653,2022-10-11 13:38:44,jd_WDIFHahZliLZ,领券下单更优惠
【用户加入购物车】,1665466727151,2022-10-11 13:38:47,fmjbaby520,113号
【主播推送商品】,1665466728748,2022-10-11 13:38:48,主播,140号
【用户分享直播间】,1665466733316,2022-10-11 13:38:53,luckyzmj
【用户正在购买】,1665466734048,2022-10-11 13:38:54,fmjbaby520,119号
【用户正在购买】,1665466735515,2022-10-11 13:38:55,策的世界,140号
【用户加入购物车】,1665466738413,2022-10-11 13:38:58,fmjbaby520,119号
【主播推送商品】,1665466743738,2022-10-11 13:39:03,主播,140号
【用户加入购物车】,1665466753923,2022-10-11 13:39:13,fmjbaby520,116号
【实时弹幕】,1665466758839,2022-10-11 13:39:18,晨曦初露538,领券下单更优惠
【用户关注】,1665466758939,2022-10-11 13:39:18,晨曦初露538
【主播推送商品】,1665466766137,2022-10-11 13:39:26,主播,140号
【主播推送商品】,1665466776141,2022-10-11 13:39:36,主播,140号
【主播推送商品】,1665466785810,2022-10-11 13:39:45,主播,140号
【主播推送商品】,1665466797141,2022-10-11 13:39:57,主播,140号
【主播推送商品】,1665466813407,2022-10-11 13:40:13,主播,140号
【主播推送商品】,1665466819919,2022-10-11 13:40:19,主播,140号
【实时弹幕】,1665466831863,2022-10-11 13:40:31,jd_zpLxlIsNRzlA,领券下单更优惠
【主播推送商品】,1665466846698,2022-10-11 13:40:46,主播,140号
【主播推送商品】,1665466858096,2022-10-11 13:40:58,主播,140号
【实时弹幕】,1665466858533,2022-10-11 13:40:58,卯榫之美,领券下单更优惠
【实时弹幕】,1665466866793,2022-10-11 13:41:06,jd_189524mpa,领券下单更优惠
【用户关注】,1665466866867,2022-10-11 13:41:06,jd_189524mpa
【主播推送商品】,1665466882299,2022-10-11 13:41:22,主播,140号
【实时弹幕】,1665466900164,2022-10-11 13:41:40,u_54xr4529dcf6,领券下单更优惠
【用户关注】,1665466900253,2022-10-11 13:41:40,u_54xr4529dcf6
【主播推送商品】,1665466907213,2022-10-11 13:41:47,主播,140号
【主播推送商品】,1665466917232,2022-10-11 13:41:57,主播,140号
【实时弹幕】,1665466917780,2022-10-11 13:41:57,Tony19990924,领券下单更优惠
【主播推送商品】,1665466923060,2022-10-11 13:42:03,主播,140号
【实时弹幕】,1665466927026,2022-10-11 13:42:07,jilinlu1948,领券下单更优惠
【主播推送商品】,1665466927460,2022-10-11 13:42:07,主播,140号
【主播推送商品】,1665466932189,2022-10-11 13:42:12,主播,140号
【主播推送商品】,1665466947251,2022-10-11 13:42:27,主播,140号
【主播推送商品】,1665466953843,2022-10-11 13:42:33,主播,140号
【实时弹幕】,1665466957103,2022-10-11 13:42:37,huye1209,领券下单更优惠
【实时弹幕】,1665466957811,2022-10-11 13:42:37,jd_TcgngnKxVOJK,领券下单更优惠
【主播推送商品】,1665466959448,2022-10-11 13:42:39,主播,140号
【实时弹幕】,1665466960887,2022-10-11 13:42:40,jd_186981jqq,领券下单更优惠
【主播推送商品】,1665466966017,2022-10-11 13:42:46,主播,140号
【用户领券】,1665466974043,2022-10-11 13:42:54,i存钱罐i,领取了满169减50元券
【主播推送商品】,1665466974839,2022-10-11 13:42:54,主播,140号
【用户领券】,1665466980736,2022-10-11 13:43:00,i存钱罐i,领取了满99减30元券
【主播推送商品】,1665466982601,2022-10-11 13:43:02,主播,140号
【用户加入购物车】,1665466984125,2022-10-11 13:43:04,i存钱罐i,85号
【主播推送商品】,1665466989441,2022-10-11 13:43:09,主播,140号
【主播推送商品】,1665466994156,2022-10-11 13:43:14,主播,140号
【主播推送商品】,1665466999484,2022-10-11 13:43:19,主播,140号
【主播推送商品】,1665467010774,2022-10-11 13:43:30,主播,140号
【主播推送商品】,1665467024406,2022-10-11 13:43:44,主播,140号
【主播推送商品】,1665467030956,2022-10-11 13:43:50,主播,140号
【实时弹幕】,1665467032418,2022-10-11 13:43:52,u_ozvlhslxum2o,领券下单更优惠
【实时弹幕】,1665467061026,2022-10-11 13:44:21,jd_菲菲的世,领券下单更优惠
【实时弹幕】,1665467067951,2022-10-11 13:44:27,jd峰回路转00,领券下单更优惠
【用户正在购买】,1665467092474,2022-10-11 13:44:52,u_54jags73ws9v,Top
【用户加入购物车】,1665467097156,2022-10-11 13:44:57,jd_wf26012,140号
【用户正在购买】,1665467098625,2022-10-11 13:44:58,jd_wf26012,140号
【主播推送商品】,1665467108610,2022-10-11 13:45:08,主播,131号
【实时弹幕】,1665467110333,2022-10-11 13:45:10,kdjy206,领券下单更优惠
【用户关注】,1665467110408,2022-10-11 13:45:10,kdjy206
【主播推送商品】,1665467122245,2022-10-11 13:45:22,主播,131号
【实时弹幕】,1665467131046,2022-10-11 13:45:31,jd180400ntx,领券下单更优惠
【主播发优惠券】,1665467137289,2022-10-11 13:45:37,主播,5
【实时弹幕】,1665467138175,2022-10-11 13:45:38,jd_159833gbh,领券下单更优惠
【主播推送商品】,1665467140969,2022-10-11 13:45:40,主播,131号
【实时弹幕】,1665467149506,2022-10-11 13:45:49,wdcBnbJYyzZjmm,领券下单更优惠
【主播推送商品】,1665467154698,2022-10-11 13:45:54,主播,131号
【主播推送商品】,1665467166114,2022-10-11 13:46:06,主播,131号
【实时弹幕】,1665467184264,2022-10-11 13:46:24,jd_PrWlxPYYqjpm,领券下单更优惠
【主播推送商品】,1665467188356,2022-10-11 13:46:28,主播,131号
【实时弹幕】,1665467188570,2022-10-11 13:46:28,閒雲,领券下单更优惠
【主播推送商品】,1665467193891,2022-10-11 13:46:33,主播,131号
【主播推送商品】,1665467201066,2022-10-11 13:46:41,主播,131号
【主播推送商品】,1665467210664,2022-10-11 13:46:50,主播,131号
【实时弹幕】,1665467224919,2022-10-11 13:47:04,jd_135321fox,领券下单更优惠
【实时弹幕】,1665467226239,2022-10-11 13:47:06,jd_dZQPKTadaRif,领券下单更优惠
【主播推送商品】,1665467226515,2022-10-11 13:47:06,主播,131号
【主播推送商品】,1665467227764,2022-10-11 13:47:07,主播,131号
【主播推送商品】,1665467239270,2022-10-11 13:47:19,主播,131号
【主播推送商品】,1665467247907,2022-10-11 13:47:27,主播,131号
【主播推送商品】,1665467265126,2022-10-11 13:47:45,主播,131号
【主播推送商品】,1665467274299,2022-10-11 13:47:54,主播,131号
【实时弹幕】,1665467284081,2022-10-11 13:48:04,wendy19870216,领券下单更优惠
【主播推送商品】,1665467284683,2022-10-11 13:48:04,主播,131号
【主播推送商品】,1665467299292,2022-10-11 13:48:19,主播,131号
【主播推送商品】,1665467307885,2022-10-11 13:48:27,主播,131号
【主播推送商品】,1665467311974,2022-10-11 13:48:31,主播,131号
【主播发优惠券】,1665467316975,2022-10-11 13:48:36,主播,5
【实时弹幕】,1665467317237,2022-10-11 13:48:37,zhy16886030,领券下单更优惠
【主播推送商品】,1665467339844,2022-10-11 13:48:59,主播,131号
【实时弹幕】,1665467345533,2022-10-11 13:49:05,caese0001,领券下单更优惠
【实时弹幕】,1665467345917,2022-10-11 13:49:05,我非常想当海盗,领券下单更优惠
【主播推送商品】,1665467348196,2022-10-11 13:49:08,主播,131号
【实时弹幕】,1665467365871,2022-10-11 13:49:25,jd_153048ilr,领券下单更优惠
【主播发优惠券】,1665467365999,2022-10-11 13:49:25,主播,5
【实时弹幕】,1665467373154,2022-10-11 13:49:33,jd_FPfBlmISnAQt,领券下单更优惠
【实时弹幕】,1665467373967,2022-10-11 13:49:33,红尘仙子,领券下单更优惠
【实时弹幕】,1665467383838,2022-10-11 13:49:43,jd_156022iuw,领券下单更优惠
【用户正在购买】,1665467388696,2022-10-11 13:49:48,丄偙乜單裑,125号
【主播推送商品】,1665467395945,2022-10-11 13:49:55,主播,131号
【实时弹幕】,1665467397184,2022-10-11 13:49:57,福心35635,领券下单更优惠
【实时弹幕】,1665467408882,2022-10-11 13:50:08,jd_136031hoy,领券下单更优惠
【主播推送商品】,1665467409591,2022-10-11 13:50:09,主播,70号
【主播推送商品】,1665467422290,2022-10-11 13:50:22,主播,70号
【用户关注】,1665467428281,2022-10-11 13:50:28,迷不轻
【实时弹幕】,1665467429213,2022-10-11 13:50:29,同学和少年,领券下单更优惠
【主播推送商品】,1665467431410,2022-10-11 13:50:31,主播,70号
【主播推送商品】,1665467440649,2022-10-11 13:50:40,主播,70号
【主播推送商品】,1665467461403,2022-10-11 13:51:01,主播,70号
【实时弹幕】,1665467464439,2022-10-11 13:51:04,u_2olaf7iirult,领券下单更优惠
【主播推送商品】,1665467469375,2022-10-11 13:51:09,主播,70号
【用户加入购物车】,1665467471178,2022-10-11 13:51:11,jd_159484xvw,Top
【用户加入购物车】,1665467473933,2022-10-11 13:51:13,jd_159484xvw,Top
【主播推送商品】,1665467480248,2022-10-11 13:51:20,主播,70号
【用户正在购买】,1665467485206,2022-10-11 13:51:25,jd_408838b8c7514,Top
【实时弹幕】,1665467488104,2022-10-11 13:51:28,jd_oqGGyZagxMSJ,领券下单更优惠
【用户关注】,1665467488202,2022-10-11 13:51:28,jd_oqGGyZagxMSJ
【实时弹幕】,1665467503946,2022-10-11 13:51:43,宛若清扬szq,领券下单更优惠
【实时弹幕】,1665467515610,2022-10-11 13:51:55,jd_617a4c6fde55d,领券下单更优惠
【实时弹幕】,1665467531515,2022-10-11 13:52:11,wws6786,领券下单更优惠
【用户正在购买】,1665467533544,2022-10-11 13:52:13,jd183958nhh,70号
【实时弹幕】,1665467541546,2022-10-11 13:52:21,jd130880qtl,领券下单更优惠
【实时弹幕】,1665467545398,2022-10-11 13:52:25,jd_5f5ea1d65f782,领券下单更优惠
【实时弹幕】,1665467559547,2022-10-11 13:52:39,jd_TGxjHGAghgHU,领券下单更优惠
【实时弹幕】,1665467560822,2022-10-11 13:52:40,曼达洛-人,领券下单更优惠
【用户关注】,1665467560936,2022-10-11 13:52:40,曼达洛-人
【实时弹幕】,1665467646861,2022-10-11 13:54:06,jd_136933gbm,领券下单更优惠
【实时弹幕】,1665467650582,2022-10-11 13:54:10,jvZJObihihyd,领券下单更优惠
【实时弹幕】,1665467703207,2022-10-11 13:55:03,鱼在云中舞,领券下单更优惠
【用户关注】,1665467703276,2022-10-11 13:55:03,鱼在云中舞
【主播推送商品】,1665467717570,2022-10-11 13:55:17,主播,10号
【用户正在购买】,1665467728504,2022-10-11 13:55:28,jd_6f479f6c1d450,10号
【主播推送商品】,1665467735511,2022-10-11 13:55:35,主播,10号
【主播推送商品】,1665467752096,2022-10-11 13:55:52,主播,10号
【主播推送商品】,1665467763877,2022-10-11 13:56:03,主播,10号
【主播推送商品】,1665467771643,2022-10-11 13:56:11,主播,10号
【用户正在购买】,1665467774963,2022-10-11 13:56:14,jd_spkYJPJcNLkv,132号
【实时弹幕】,1665467776949,2022-10-11 13:56:16,--金秋枫叶,领券下单更优惠
【用户领券】,1665467784461,2022-10-11 13:56:24,jd_137525oiqb,领取了满169减50元券
【主播推送商品】,1665467807515,2022-10-11 13:56:47,主播,10号
【主播推送商品】,1665467825929,2022-10-11 13:57:05,主播,10号
【用户正在购买】,1665467831518,2022-10-11 13:57:11,jd_wQaGLVBOShqy,10号
【实时弹幕】,1665467836593,2022-10-11 13:57:16,jd_600bd3ed20049,领券下单更优惠
【主播推送商品】,1665467838696,2022-10-11 13:57:18,主播,10号
【实时弹幕】,1665467844691,2022-10-11 13:57:24,明月棋子,领券下单更优惠
【主播推送商品】,1665467848542,2022-10-11 13:57:28,主播,10号
【主播推送商品】,1665467852679,2022-10-11 13:57:32,主播,10号
【用户加入购物车】,1665467857032,2022-10-11 13:57:37,jd_spkYJPJcNLkv,92号
【实时弹幕】,1665467859381,2022-10-11 13:57:39,jd_XXnUgzxneFtn,领券下单更优惠
【用户加入购物车】,1665467866960,2022-10-11 13:57:46,jd_spkYJPJcNLkv,90号
【实时弹幕】,1665467876338,2022-10-11 13:57:56,lhh516,领券下单更优惠
【用户关注】,1665467876436,2022-10-11 13:57:56,lhh516
【实时弹幕】,1665467878709,2022-10-11 13:57:58,jd_nUhtzblOLNpm,领券下单更优惠
【实时弹幕】,1665467882769,2022-10-11 13:58:02,jd_cZCRtjLGcgWn,领券下单更优惠
【用户关注】,1665467882959,2022-10-11 13:58:02,jd_cZCRtjLGcgWn
【主播推送商品】,1665467883267,2022-10-11 13:58:03,主播,10号
【实时弹幕】,1665467913423,2022-10-11 13:58:33,jd_juWdGfmlChEM,领券下单更优惠
【用户关注】,1665467913543,2022-10-11 13:58:33,jd_juWdGfmlChEM
【主播推送商品】,1665467932699,2022-10-11 13:58:52,主播,Top
【主播推送商品】,1665467938378,2022-10-11 13:58:58,主播,Top
【实时弹幕】,1665467939672,2022-10-11 13:58:59,jamgcom,领券下单更优惠
【主播推送商品】,1665467948052,2022-10-11 13:59:08,主播,Top
【主播推送商品】,1665467967785,2022-10-11 13:59:27,主播,Top
【用户正在购买】,1665467970457,2022-10-11 13:59:30,jd_beFZiOZoNTwE,Top
【实时弹幕】,1665467980805,2022-10-11 13:59:40,jd_wQaGLVBOShqy,领券下单更优惠
【主播推送商品】,1665467984731,2022-10-11 13:59:44,主播,120号
【主播推送商品】,1665467989859,2022-10-11 13:59:49,主播,120号
【实时弹幕】,1665467992167,2022-10-11 13:59:52,杨蒋,领券下单更优惠
【用户正在购买】,1665468003827,2022-10-11 14:00:03,jd_wQaGLVBOShqy,120号
【用户加入购物车】,1665468010048,2022-10-11 14:00:10,jd_wQaGLVBOShqy,Top
【实时弹幕】,1665468032112,2022-10-11 14:00:32,jd_136821oyb,领券下单更优惠
【主播推送商品】,1665468033232,2022-10-11 14:00:33,主播,Top
【实时弹幕】,1665468040160,2022-10-11 14:00:40,jd_185186hpx,领券下单更优惠
【实时弹幕】,1665468048969,2022-10-11 14:00:48,jd_beFZiOZoNTwE,里面是什么东西
【主播推送商品】,1665468057489,2022-10-11 14:00:57,主播,Top
【用户正在购买】,1665468059658,2022-10-11 14:00:59,AYP嘀嗒,Top
【主播推送商品】,1665468073303,2022-10-11 14:01:13,主播,Top
【实时弹幕】,1665468079730,2022-10-11 14:01:19,jd228291lur,领券下单更优惠
【实时弹幕】,1665468087984,2022-10-11 14:01:27,hugowy,领券下单更优惠
【实时弹幕】,1665468098183,2022-10-11 14:01:38,hailiangcui,领券下单更优惠
【主播推送商品】,1665468104054,2022-10-11 14:01:44,主播,Top
【主播推送商品】,1665468111804,2022-10-11 14:01:51,主播,Top
【实时弹幕】,1665468112555,2022-10-11 14:01:52,zsg824,领券下单更优惠
【实时弹幕】,1665468120215,2022-10-11 14:02:00,破晓的果冻,领券下单更优惠
【主播推送商品】,1665468122442,2022-10-11 14:02:02,主播,Top
【主播推送商品】,1665468135069,2022-10-11 14:02:15,主播,Top
【主播推送商品】,1665468142097,2022-10-11 14:02:22,主播,Top
【用户正在购买】,1665468143376,2022-10-11 14:02:23,jd_136162wbqa,Top
【用户正在购买】,1665468145534,2022-10-11 14:02:25,星星stars29,120号
【主播推送商品】,1665468153149,2022-10-11 14:02:33,主播,Top
【实时弹幕】,1665468171915,2022-10-11 14:02:51,jd_131675wyg,领券下单更优惠
【主播推送商品】,1665468173866,2022-10-11 14:02:53,主播,Top
【主播推送商品】,1665468181850,2022-10-11 14:03:01,主播,Top
【主播推送商品】,1665468192337,2022-10-11 14:03:12,主播,Top
【主播推送商品】,1665468200150,2022-10-11 14:03:20,主播,Top
【主播推送商品】,1665468225491,2022-10-11 14:03:45,主播,138号
【用户加入购物车】,1665468247636,2022-10-11 14:04:07,jd_157718owc,140号
【主播推送商品】,1665468247809,2022-10-11 14:04:07,主播,138号
【实时弹幕】,1665468248373,2022-10-11 14:04:08,wwzz6688,领券下单更优惠
【用户正在购买】,1665468249963,2022-10-11 14:04:09,jd_157718owc,140号
【实时弹幕】,1665468250363,2022-10-11 14:04:10,jd_iKAHwhsXYnYh,领券下单更优惠
【主播推送商品】,1665468261884,2022-10-11 14:04:21,主播,138号
【实时弹幕】,1665468264123,2022-10-11 14:04:24,太阳弯弯123,领券下单更优惠
【用户正在购买】,1665468268094,2022-10-11 14:04:28,双堃,89号
【主播推送商品】,1665468271265,2022-10-11 14:04:31,主播,138号
【用户正在购买】,1665468276530,2022-10-11 14:04:36,jd_qajEhgmMcOCw,138号
【主播推送商品】,1665468290365,2022-10-11 14:04:50,主播,138号
【用户加入购物车】,1665468300595,2022-10-11 14:05:00,jd_spkYJPJcNLkv,53号
【主播推送商品】,1665468302801,2022-10-11 14:05:02,主播,138号
【主播发优惠券】,1665468310736,2022-10-11 14:05:10,主播,5
【主播推送商品】,1665468313211,2022-10-11 14:05:13,主播,138号
【主播推送商品】,1665468323592,2022-10-11 14:05:23,主播,138号
【实时弹幕】,1665468326378,2022-10-11 14:05:26,余皡,领券下单更优惠
【主播推送商品】,1665468340527,2022-10-11 14:05:40,主播,138号
【实时弹幕】,1665468341206,2022-10-11 14:05:41,weiqi8681,领券下单更优惠
【实时弹幕】,1665468344833,2022-10-11 14:05:44,壮哥2019-5,领券下单更优惠
【实时弹幕】,1665468346103,2022-10-11 14:05:46,jd132121zvt,领券下单更优惠
【主播推送商品】,1665468351838,2022-10-11 14:05:51,主播,138号
【实时弹幕】,1665468359603,2022-10-11 14:05:59,jd_QVrIjHaxSkCE,领券下单更优惠
【主播发优惠券】,1665468361474,2022-10-11 14:06:01,主播,5
【主播推送商品】,1665468364247,2022-10-11 14:06:04,主播,138号
【实时弹幕】,1665468364480,2022-10-11 14:06:04,思静悠然6748,领券下单更优惠
【实时弹幕】,1665468364749,2022-10-11 14:06:04,随风开心,领券下单更优惠
【主播推送商品】,1665468374965,2022-10-11 14:06:14,主播,138号
【主播发优惠券】,1665468385317,2022-10-11 14:06:25,主播,5
【实时弹幕】,1665468390271,2022-10-11 14:06:30,ryzen000000,领券下单更优惠
【主播推送商品】,1665468412816,2022-10-11 14:06:52,主播,137号
【实时弹幕】,1665468417529,2022-10-11 14:06:57,jd_187303myv,领券下单更优惠
【实时弹幕】,1665468417818,2022-10-11 14:06:57,jd_136037dsf,领券下单更优惠
【主播推送商品】,1665468430476,2022-10-11 14:07:10,主播,137号
【用户正在购买】,1665468435455,2022-10-11 14:07:15,jd_135529bbz,137号
【主播推送商品】,1665468440676,2022-10-11 14:07:20,主播,137号
【主播推送商品】,1665468444288,2022-10-11 14:07:24,主播,137号
【实时弹幕】,1665468448615,2022-10-11 14:07:28,佑诺0112,领券下单更优惠
【主播推送商品】,1665468460056,2022-10-11 14:07:40,主播,137号
【实时弹幕】,1665468474706,2022-10-11 14:07:54,文竹1625,领券下单更优惠
【用户领券】,1665468477032,2022-10-11 14:07:57,焦婉婷哈哈哈,领取了满169减50元券
【主播推送商品】,1665468478650,2022-10-11 14:07:58,主播,137号
【用户领券】,1665468478736,2022-10-11 14:07:58,焦婉婷哈哈哈,领取了满99减30元券
【用户加入购物车】,1665468484034,2022-10-11 14:08:04,焦婉婷哈哈哈,140号
【主播推送商品】,1665468485522,2022-10-11 14:08:05,主播,137号
【用户正在购买】,1665468485678,2022-10-11 14:08:05,焦婉婷哈哈哈,Top
【主播发优惠券】,1665468488286,2022-10-11 14:08:08,主播,5
【用户正在购买】,1665468489559,2022-10-11 14:08:09,焦婉婷哈哈哈,140号
【主播推送商品】,1665468491460,2022-10-11 14:08:11,主播,137号
【实时弹幕】,1665468495982,2022-10-11 14:08:15,鱼香肉丝2,领券下单更优惠
【实时弹幕】,1665468501434,2022-10-11 14:08:21,jd_724e005fc1134,领券下单更优惠
【主播推送商品】,1665468504188,2022-10-11 14:08:24,主播,137号
【主播推送商品】,1665468521982,2022-10-11 14:08:41,主播,137号
【实时弹幕】,1665468523982,2022-10-11 14:08:43,NUibmUFJPnfm,领券下单更优惠
【主播发优惠券】,1665468526596,2022-10-11 14:08:46,主播,5
【主播推送商品】,1665468529148,2022-10-11 14:08:49,主播,137号
【主播推送商品】,1665468535418,2022-10-11 14:08:55,主播,137号
【实时弹幕】,1665468543387,2022-10-11 14:09:03,晚风柳,领券下单更优惠
【用户关注】,1665468543538,2022-10-11 14:09:03,晚风柳
【实时弹幕】,1665468545956,2022-10-11 14:09:05,jd_138606oks,领券下单更优惠
【用户关注】,1665468546079,2022-10-11 14:09:06,jd_138606oks
【主播推送商品】,1665468546904,2022-10-11 14:09:06,主播,137号
【实时弹幕】,1665468547626,2022-10-11 14:09:07,xym3211,领券下单更优惠
【主播推送商品】,1665468558845,2022-10-11 14:09:18,主播,137号
【实时弹幕】,1665468562447,2022-10-11 14:09:22,棉花糖果香,领券下单更优惠
【主播推送商品】,1665468565870,2022-10-11 14:09:25,主播,137号
【主播推送商品】,1665468577762,2022-10-11 14:09:37,主播,137号
【主播发优惠券】,1665468580736,2022-10-11 14:09:40,主播,5
【主播推送商品】,1665468583865,2022-10-11 14:09:43,主播,137号
【主播推送商品】,1665468608116,2022-10-11 14:10:08,主播,136号
【实时弹幕】,1665468626142,2022-10-11 14:10:26,jd_EfQnsItRNqby,领券下单更优惠
【实时弹幕】,1665468631178,2022-10-11 14:10:31,jd_151965shp,领券下单更优惠
【用户关注】,1665468631365,2022-10-11 14:10:31,jd_151965shp
【主播推送商品】,1665468639338,2022-10-11 14:10:39,主播,136号
【实时弹幕】,1665468645516,2022-10-11 14:10:45,jd_arou244,领券下单更优惠
【用户关注】,1665468645593,2022-10-11 14:10:45,jd_arou244
【主播推送商品】,1665468649215,2022-10-11 14:10:49,主播,136号
【主播推送商品】,1665468660477,2022-10-11 14:11:00,主播,136号
【用户正在购买】,1665468666011,2022-10-11 14:11:06,lolitaxf,89号
【实时弹幕】,1665468666175,2022-10-11 14:11:06,jd_wQaGLVBOShqy,300-200哪里领
【主播推送商品】,1665468671510,2022-10-11 14:11:11,主播,136号
【主播推送商品】,1665468680126,2022-10-11 14:11:20,主播,136号
【主播推送商品】,1665468689073,2022-10-11 14:11:29,主播,136号
【主播发优惠券】,1665468692713,2022-10-11 14:11:32,主播,10
【主播推送商品】,1665468696622,2022-10-11 14:11:36,主播,136号
【实时弹幕】,1665468698788,2022-10-11 14:11:38,xgqxyx,领券下单更优惠
【用户关注】,1665468699575,2022-10-11 14:11:39,u_x3kfcd9cy34z
【用户正在购买】,1665468700566,2022-10-11 14:11:40,花事2009,136号
【主播推送商品】,1665468707062,2022-10-11 14:11:47,主播,136号
【实时弹幕】,1665468708805,2022-10-11 14:11:48,冰冷de灵魂,领券下单更优惠
【主播推送商品】,1665468712794,2022-10-11 14:11:52,主播,136号
【用户正在购买】,1665468715340,2022-10-11 14:11:55,花事2009,136号
【用户正在购买】,1665468721475,2022-10-11 14:12:01,花事2009,136号
【用户正在购买】,1665468723547,2022-10-11 14:12:03,jd_SsQhlVrSynoq,38号
【主播推送商品】,1665468733540,2022-10-11 14:12:13,主播,136号
【用户正在购买】,1665468737969,2022-10-11 14:12:17,lolitaxf,91号
【主播推送商品】,1665468738380,2022-10-11 14:12:18,主播,136号
【实时弹幕】,1665468738446,2022-10-11 14:12:18,u_x3kfcd9cy34z,领券下单更优惠
【实时弹幕】,1665468747528,2022-10-11 14:12:27,ntxiaoji,领券下单更优惠
【实时弹幕】,1665468753089,2022-10-11 14:12:33,JD阿华大哥,领券下单更优惠
【主播推送商品】,1665468754152,2022-10-11 14:12:34,主播,91号
【主播推送商品】,1665468755237,2022-10-11 14:12:35,主播,91号
【实时弹幕】,1665468756098,2022-10-11 14:12:36,jd_188053xay,领券下单更优惠
【实时弹幕】,1665468765459,2022-10-11 14:12:45,爱爱孜孜,领券下单更优惠
【实时弹幕】,1665468766711,2022-10-11 14:12:46,jd_150364vgv,领券下单更优惠
【用户关注】,1665468766855,2022-10-11 14:12:46,jd_150364vgv
【主播推送商品】,1665468787676,2022-10-11 14:13:07,主播,91号
【实时弹幕】,1665468793845,2022-10-11 14:13:13,tangshaoru,领券下单更优惠
【实时弹幕】,1665468800947,2022-10-11 14:13:20,baimantou2,领券下单更优惠
【用户正在购买】,1665468805441,2022-10-11 14:13:25,u_x3kfcd9cy34z,136号
【主播推送商品】,1665468807501,2022-10-11 14:13:27,主播,136号
【主播推送商品】,1665468813793,2022-10-11 14:13:33,主播,136号
【用户正在购买】,1665468815850,2022-10-11 14:13:35,花事2009,136号
【主播发优惠券】,1665468822112,2022-10-11 14:13:42,主播,10
【实时弹幕】,1665468824861,2022-10-11 14:13:44,花事2009,1
【主播推送商品】,1665468825122,2022-10-11 14:13:45,主播,136号
【主播推送商品】,1665468829024,2022-10-11 14:13:49,主播,136号
【实时弹幕】,1665468829683,2022-10-11 14:13:49,花事2009,1
【用户正在购买】,1665468834880,2022-10-11 14:13:54,花事2009,136号
【实时弹幕】,1665468838109,2022-10-11 14:13:58,jd_113706472,领券下单更优惠
【用户正在购买】,1665468838421,2022-10-11 14:13:58,u_x3kfcd9cy34z,136号
【主播推送商品】,1665468840973,2022-10-11 14:14:00,主播,136号
【主播推送商品】,1665468850938,2022-10-11 14:14:10,主播,136号
【主播发优惠券】,1665468853983,2022-10-11 14:14:13,主播,10
【主播推送商品】,1665468856420,2022-10-11 14:14:16,主播,136号
【用户关注】,1665468857523,2022-10-11 14:14:17,jd_178377vxu
【实时弹幕】,1665468860718,2022-10-11 14:14:20,ltt_222,领券下单更优惠
【实时弹幕】,1665468866048,2022-10-11 14:14:26,归故乡821,领券下单更优惠
【实时弹幕】,1665468877414,2022-10-11 14:14:37,jjhhoo,领券下单更优惠
【主播发优惠券】,1665468879115,2022-10-11 14:14:39,主播,10
【主播推送商品】,1665468883421,2022-10-11 14:14:43,主播,136号
【用户正在购买】,1665468885387,2022-10-11 14:14:45,u_x3kfcd9cy34z,136号
【实时弹幕】,1665468890436,2022-10-11 14:14:50,fenglinyi,领券下单更优惠
【实时弹幕】,1665468892013,2022-10-11 14:14:52,jhqq789,领券下单更优惠
【实时弹幕】,1665468895685,2022-10-11 14:14:55,jd_150317ljy,领券下单更优惠
【用户关注】,1665468895744,2022-10-11 14:14:55,jd_150317ljy
【实时弹幕】,1665468899279,2022-10-11 14:14:59,u_vcsaepsqapvl,领券下单更优惠
【用户正在购买】,1665468921630,2022-10-11 14:15:21,jd_178629elvu,33号
【用户正在购买】,1665468925133,2022-10-11 14:15:25,歪歪不开心,140号
【用户正在购买】,1665468926799,2022-10-11 14:15:26,jd_178629elvu,33号
【主播推送商品】,1665468934809,2022-10-11 14:15:34,主播,128号
【主播推送商品】,1665468950359,2022-10-11 14:15:50,主播,128号
【实时弹幕】,1665468952683,2022-10-11 14:15:52,jd_rsNdmRCMCtSr,领券下单更优惠
【实时弹幕】,1665468959153,2022-10-11 14:15:59,相遇在下雪前,领券下单更优惠
【主播推送商品】,1665468961983,2022-10-11 14:16:01,主播,128号
【实时弹幕】,1665468966744,2022-10-11 14:16:06,LXJ0505uku,领券下单更优惠
【主播推送商品】,1665468975160,2022-10-11 14:16:15,主播,128号
【实时弹幕】,1665468978141,2022-10-11 14:16:18,jd_792323504,领券下单更优惠
【实时弹幕】,1665468997536,2022-10-11 14:16:37,cheng-jane601,领券下单更优惠
【主播推送商品】,1665469006706,2022-10-11 14:16:46,主播,128号
【主播推送商品】,1665469017641,2022-10-11 14:16:57,主播,128号
【实时弹幕】,1665469020968,2022-10-11 14:17:00,小小星星569,领券下单更优惠
【用户关注】,1665469021025,2022-10-11 14:17:01,小小星星569
【主播推送商品】,1665469023475,2022-10-11 14:17:03,主播,128号
【主播推送商品】,1665469033155,2022-10-11 14:17:13,主播,128号
【主播推送商品】,1665469039675,2022-10-11 14:17:19,主播,128号
【主播推送商品】,1665469045121,2022-10-11 14:17:25,主播,128号
【用户正在购买】,1665469045142,2022-10-11 14:17:25,jd_158846lke,Top
【主播推送商品】,1665469052332,2022-10-11 14:17:32,主播,128号
【主播推送商品】,1665469060596,2022-10-11 14:17:40,主播,128号
【实时弹幕】,1665469063894,2022-10-11 14:17:43,jd_weJUcDNLBEGk,领券下单更优惠
【主播推送商品】,1665469068186,2022-10-11 14:17:48,主播,128号
【主播推送商品】,1665469085685,2022-10-11 14:18:05,主播,128号
【主播推送商品】,1665469096406,2022-10-11 14:18:16,主播,128号
【实时弹幕】,1665469098707,2022-10-11 14:18:18,zh77mm,领券下单更优惠
【主播推送商品】,1665469103665,2022-10-11 14:18:23,主播,128号
【用户正在购买】,1665469106466,2022-10-11 14:18:26,junge880328,140号
【主播推送商品】,1665469118822,2022-10-11 14:18:38,主播,128号
【实时弹幕】,1665469121995,2022-10-11 14:18:41,jd_tiex012,领券下单更优惠
【主播推送商品】,1665469139385,2022-10-11 14:18:59,主播,127号
【主播推送商品】,1665469145933,2022-10-11 14:19:05,主播,127号
【主播推送商品】,1665469149716,2022-10-11 14:19:09,主播,127号
【实时弹幕】,1665469157508,2022-10-11 14:19:17,jd_gCftIYhDxRde,领券下单更优惠
【主播推送商品】,1665469159565,2022-10-11 14:19:19,主播,127号
【主播推送商品】,1665469174347,2022-10-11 14:19:34,主播,127号
【主播推送商品】,1665469192928,2022-10-11 14:19:52,主播,127号
【实时弹幕】,1665469195557,2022-10-11 14:19:55,jd_137241lngb,领券下单更优惠
【用户关注】,1665469195638,2022-10-11 14:19:55,jd_137241lngb
【实时弹幕】,1665469201979,2022-10-11 14:20:01,jd_XWnAoFvNcFhh,领券下单更优惠
【实时弹幕】,1665469206701,2022-10-11 14:20:06,李玉全501,领券下单更优惠
【实时弹幕】,1665469208082,2022-10-11 14:20:08,jd_135020off,领券下单更优惠
【主播推送商品】,1665469214015,2022-10-11 14:20:14,主播,127号
【主播推送商品】,1665469228355,2022-10-11 14:20:28,主播,127号
【主播推送商品】,1665469239235,2022-10-11 14:20:39,主播,127号
【实时弹幕】,1665469245801,2022-10-11 14:20:45,jd_881229PHUPHA,领券下单更优惠
【主播推送商品】,1665469247557,2022-10-11 14:20:47,主播,127号
【主播推送商品】,1665469262933,2022-10-11 14:21:02,主播,127号
【实时弹幕】,1665469265613,2022-10-11 14:21:05,u_y7pyzualrsaj,领券下单更优惠
【实时弹幕】,1665469268997,2022-10-11 14:21:08,jd_7f573fbfb5be5,领券下单更优惠
【主播推送商品】,1665469276633,2022-10-11 14:21:16,主播,127号
【主播推送商品】,1665469287900,2022-10-11 14:21:27,主播,127号
【主播推送商品】,1665469294638,2022-10-11 14:21:34,主播,127号
【实时弹幕】,1665469304112,2022-10-11 14:21:44,爱笑的蝴蝶,领券下单更优惠
【主播推送商品】,1665469304883,2022-10-11 14:21:44,主播,127号
【实时弹幕】,1665469310347,2022-10-11 14:21:50,jd_199167uit,领券下单更优惠
【主播发优惠券】,1665469313123,2022-10-11 14:21:53,主播,10
【主播推送商品】,1665469316290,2022-10-11 14:21:56,主播,127号
【实时弹幕】,1665469320701,2022-10-11 14:22:00,奥利弗2022,领券下单更优惠
【用户关注】,1665469320789,2022-10-11 14:22:00,奥利弗2022
【主播推送商品】,1665469331188,2022-10-11 14:22:11,主播,127号
【主播推送商品】,1665469357752,2022-10-11 14:22:37,主播,127号
【主播推送商品】,1665469370873,2022-10-11 14:22:50,主播,120号
【实时弹幕】,1665469377268,2022-10-11 14:22:57,cc但丁,领券下单更优惠
【主播推送商品】,1665469386215,2022-10-11 14:23:06,主播,120号
【主播推送商品】,1665469397333,2022-10-11 14:23:17,主播,120号
【主播推送商品】,1665469408868,2022-10-11 14:23:28,主播,120号
【主播推送商品】,1665469416832,2022-10-11 14:23:36,主播,120号
【主播推送商品】,1665469431930,2022-10-11 14:23:51,主播,120号
【主播推送商品】,1665469437966,2022-10-11 14:23:57,主播,120号
【实时弹幕】,1665469442893,2022-10-11 14:24:02,白淑梅梅,领券下单更优惠
【主播推送商品】,1665469447218,2022-10-11 14:24:07,主播,120号
【实时弹幕】,1665469449163,2022-10-11 14:24:09,jd_136225grek,领券下单更优惠
【实时弹幕】,1665469449833,2022-10-11 14:24:09,广顺飞腾,领券下单更优惠
【用户正在购买】,1665469451966,2022-10-11 14:24:11,motto88,58号
【主播推送商品】,1665469461946,2022-10-11 14:24:21,主播,120号
【实时弹幕】,1665469466176,2022-10-11 14:24:26,爱念Qing,领券下单更优惠
【实时弹幕】,1665469470347,2022-10-11 14:24:30,Rose861209,领券下单更优惠
【主播推送商品】,1665469478768,2022-10-11 14:24:38,主播,120号
【实时弹幕】,1665469485577,2022-10-11 14:24:45,Wendypss,领券下单更优惠
【主播推送商品】,1665469491562,2022-10-11 14:24:51,主播,120号
【主播推送商品】,1665469497810,2022-10-11 14:24:57,主播,120号
【主播推送商品】,1665469505232,2022-10-11 14:25:05,主播,Top
【实时弹幕】,1665469515825,2022-10-11 14:25:15,jd_139166qae,领券下单更优惠
【主播推送商品】,1665469516437,2022-10-11 14:25:16,主播,120号
【用户正在购买】,1665469534339,2022-10-11 14:25:34,jd_151294xan,Top
【主播推送商品】,1665469537472,2022-10-11 14:25:37,主播,120号
【主播推送商品】,1665469541319,2022-10-11 14:25:41,主播,Top
【用户正在购买】,1665469546591,2022-10-11 14:25:46,jd_151294xan,140号
【主播推送商品】,1665469552173,2022-10-11 14:25:52,主播,120号
【实时弹幕】,1665469555421,2022-10-11 14:25:55,nfdinghh,领券下单更优惠
【用户正在购买】,1665469560518,2022-10-11 14:26:00,jd_151294xan,Top
【主播推送商品】,1665469562592,2022-10-11 14:26:02,主播,120号
【主播推送商品】,1665469572170,2022-10-11 14:26:12,主播,121号
【实时弹幕】,1665469576619,2022-10-11 14:26:16,jt1992m7xc,为啥这么吵 我都听不清主播说什么了
【主播推送商品】,1665469585952,2022-10-11 14:26:25,主播,109号
【实时弹幕】,1665469587705,2022-10-11 14:26:27,黑暗中有双眼睛看着你,领券下单更优惠
【实时弹幕】,1665469615536,2022-10-11 14:26:55,jd_556d161023f25,领券下单更优惠
【主播推送商品】,1665469617852,2022-10-11 14:26:57,主播,130号
【主播推送商品】,1665469623684,2022-10-11 14:27:03,主播,130号
【实时弹幕】,1665469628208,2022-10-11 14:27:08,zhangshumin0407,领券下单更优惠
【主播推送商品】,1665469629836,2022-10-11 14:27:09,主播,130号
【实时弹幕】,1665469637488,2022-10-11 14:27:17,PXExYJAtQUsd,领券下单更优惠
【主播推送商品】,1665469642161,2022-10-11 14:27:22,主播,130号
【主播推送商品】,1665469654531,2022-10-11 14:27:34,主播,130号
【主播推送商品】,1665469668833,2022-10-11 14:27:48,主播,130号
【实时弹幕】,1665469671875,2022-10-11 14:27:51,朱颜莫改,领券下单更优惠
【主播推送商品】,1665469677375,2022-10-11 14:27:57,主播,130号
【实时弹幕】,1665469677908,2022-10-11 14:27:57,jd_dwOudjPmilwV,领券下单更优惠
【实时弹幕】,1665469688741,2022-10-11 14:28:08,jd_CAqSErChZJUT,领券下单更优惠
【实时弹幕】,1665469700777,2022-10-11 14:28:20,jd_136436gzv,领券下单更优惠
【实时弹幕】,1665469702184,2022-10-11 14:28:22,jd_156000qcei,领券下单更优惠
【主播推送商品】,1665469702263,2022-10-11 14:28:22,主播,130号
【主播推送商品】,1665469710172,2022-10-11 14:28:30,主播,130号
【用户正在购买】,1665469719537,2022-10-11 14:28:39,jd_MueSAcGTRxPF,140号
【实时弹幕】,1665469719705,2022-10-11 14:28:39,青菜飞羽,领券下单更优惠
【实时弹幕】,1665469721211,2022-10-11 14:28:41,七年时光_,坚果来个活动啊
【用户正在购买】,1665469725130,2022-10-11 14:28:45,七年时光_,130号
【主播推送商品】,1665469725798,2022-10-11 14:28:45,主播,130号
【实时弹幕】,1665469732997,2022-10-11 14:28:52,jd_136802ptg,领券下单更优惠
【主播推送商品】,1665469736259,2022-10-11 14:28:56,主播,130号
【实时弹幕】,1665469736666,2022-10-11 14:28:56,jd138139awo,领券下单更优惠
【主播推送商品】,1665469738581,2022-10-11 14:28:58,主播,130号
【用户加入购物车】,1665469744781,2022-10-11 14:29:04,joannazmj,112号
【主播推送商品】,1665469744945,2022-10-11 14:29:04,主播,130号
【主播推送商品】,1665469751295,2022-10-11 14:29:11,主播,130号
【主播推送商品】,1665469756433,2022-10-11 14:29:16,主播,130号
【实时弹幕】,1665469760430,2022-10-11 14:29:20,jd_ZIKyeVhilkwd,领券下单更优惠
【用户加入购物车】,1665469761359,2022-10-11 14:29:21,joannazmj,118号
【用户正在购买】,1665469771764,2022-10-11 14:29:31,joannazmj,110号
【主播推送商品】,1665469774526,2022-10-11 14:29:34,主播,130号
【用户加入购物车】,1665469779940,2022-10-11 14:29:39,joannazmj,110号
【用户正在购买】,1665469783439,2022-10-11 14:29:43,七年时光_,135号
【主播推送商品】,1665469784561,2022-10-11 14:29:44,主播,130号
【用户加入购物车】,1665469787635,2022-10-11 14:29:47,joannazmj,102号
【用户正在购买】,1665469802517,2022-10-11 14:30:02,joannazmj,96号
【用户正在购买】,1665469805735,2022-10-11 14:30:05,七年时光_,135号
【用户分享直播间】,1665469819758,2022-10-11 14:30:19,lplrf
【主播推送商品】,1665469830643,2022-10-11 14:30:30,主播,140号
【主播推送商品】,1665469838477,2022-10-11 14:30:38,主播,140号
【主播推送商品】,1665469844711,2022-10-11 14:30:44,主播,140号
【主播推送商品】,1665469854981,2022-10-11 14:30:54,主播,140号
【主播推送商品】,1665469867897,2022-10-11 14:31:07,主播,140号
【主播推送商品】,1665469879422,2022-10-11 14:31:19,主播,140号
【实时弹幕】,1665469889174,2022-10-11 14:31:29,jd_重装车,领券下单更优惠
【实时弹幕】,1665469900202,2022-10-11 14:31:40,jd_rVoVjIyALezg,领券下单更优惠
【实时弹幕】,1665469900326,2022-10-11 14:31:40,jd_tiansh224,领券下单更优惠
【用户进入店铺】,1665469904746,2022-10-11 14:31:44,joannazmj,1000015268
【用户加入购物车】,1665469918534,2022-10-11 14:31:58,jd_135818rab,Top
【主播推送商品】,1665469928044,2022-10-11 14:32:08,主播,140号
【主播推送商品】,1665469943160,2022-10-11 14:32:23,主播,140号
【主播推送商品】,1665469947789,2022-10-11 14:32:27,主播,140号
【用户加入购物车】,1665469951486,2022-10-11 14:32:31,沈萍1123,116号
【实时弹幕】,1665469952583,2022-10-11 14:32:32,jd_156042yaj,领券下单更优惠
【实时弹幕】,1665469957140,2022-10-11 14:32:37,andm,领券下单更优惠
【主播推送商品】,1665469958255,2022-10-11 14:32:38,主播,140号
【主播推送商品】,1665469967612,2022-10-11 14:32:47,主播,140号
【实时弹幕】,1665469968675,2022-10-11 14:32:48,得意的笑嘞,领券下单更优惠
【用户关注】,1665469968717,2022-10-11 14:32:48,得意的笑嘞
【实时弹幕】,1665469981137,2022-10-11 14:33:01,jd_66fefecc8858c,领券下单更优惠
【主播推送商品】,1665469987481,2022-10-11 14:33:07,主播,140号
【主播推送商品】,1665469992407,2022-10-11 14:33:12,主播,140号
【实时弹幕】,1665469999033,2022-10-11 14:33:19,碧眼金鹏,领券下单更优惠
【主播推送商品】,1665470005823,2022-10-11 14:33:25,主播,140号
【主播推送商品】,1665470026586,2022-10-11 14:33:46,主播,140号
【实时弹幕】,1665470033289,2022-10-11 14:33:53,河田-神樱木,领券下单更优惠
【主播推送商品】,1665470041331,2022-10-11 14:34:01,主播,140号
【主播推送商品】,1665470048605,2022-10-11 14:34:08,主播,140号
【主播推送商品】,1665470056233,2022-10-11 14:34:16,主播,140号
【主播推送商品】,1665470060059,2022-10-11 14:34:20,主播,140号
【实时弹幕】,1665470061471,2022-10-11 14:34:21,jd_4161532e8edcd,领券下单更优惠
【主播推送商品】,1665470067216,2022-10-11 14:34:27,主播,140号
【主播推送商品】,1665470074173,2022-10-11 14:34:34,主播,140号
【用户正在购买】,1665470077375,2022-10-11 14:34:37,CzFUjisOwzhf,140号
【实时弹幕】,1665470081765,2022-10-11 14:34:41,jd_139299yia,领券下单更优惠
【主播推送商品】,1665470082482,2022-10-11 14:34:42,主播,140号
【用户正在购买】,1665470096790,2022-10-11 14:34:56,Hello_Panda_,138号
【实时弹幕】,1665470098849,2022-10-11 14:34:58,jd_177061hit,领券下单更优惠
【实时弹幕】,1665470102985,2022-10-11 14:35:02,jd_186316vxy,领券下单更优惠
【主播推送商品】,1665470111844,2022-10-11 14:35:11,主播,140号
【用户正在购买】,1665470113420,2022-10-11 14:35:13,jd_133376aae,140号
【主播推送商品】,1665470124176,2022-10-11 14:35:24,主播,140号
【主播推送商品】,1665470135335,2022-10-11 14:35:35,主播,131号
【用户加入购物车】,1665470140736,2022-10-11 14:35:40,CzFUjisOwzhf,Top
【用户正在购买】,1665470143100,2022-10-11 14:35:43,CzFUjisOwzhf,Top
【实时弹幕】,1665470143960,2022-10-11 14:35:43,wangli1905,领券下单更优惠
【主播推送商品】,1665470149022,2022-10-11 14:35:49,主播,131号
【主播推送商品】,1665470158291,2022-10-11 14:35:58,主播,131号
【用户正在购买】,1665470162982,2022-10-11 14:36:02,jd_463182720,131号
【主播发优惠券】,1665470163246,2022-10-11 14:36:03,主播,5
【主播推送商品】,1665470166385,2022-10-11 14:36:06,主播,131号
【用户正在购买】,1665470176592,2022-10-11 14:36:16,鄂香凌,113号
【主播推送商品】,1665470176725,2022-10-11 14:36:16,主播,131号
【主播推送商品】,1665470188243,2022-10-11 14:36:28,主播,131号
【主播发优惠券】,1665470192176,2022-10-11 14:36:32,主播,5
【主播推送商品】,1665470194897,2022-10-11 14:36:34,主播,131号
【实时弹幕】,1665470204566,2022-10-11 14:36:44,雨枫1974,领券下单更优惠
【主播推送商品】,1665470209453,2022-10-11 14:36:49,主播,131号
【实时弹幕】,1665470212456,2022-10-11 14:36:52,金典牛奶粉,领券下单更优惠
【主播推送商品】,1665470215250,2022-10-11 14:36:55,主播,131号
【实时弹幕】,1665470218137,2022-10-11 14:36:58,二十R--,领券下单更优惠
【用户关注】,1665470218224,2022-10-11 14:36:58,二十R--
【主播推送商品】,1665470223945,2022-10-11 14:37:03,主播,131号
【主播推送商品】,1665470237787,2022-10-11 14:37:17,主播,131号
【主播推送商品】,1665470241513,2022-10-11 14:37:21,主播,131号
【主播推送商品】,1665470249562,2022-10-11 14:37:29,主播,131号
【用户关注】,1665470253421,2022-10-11 14:37:33,jd_UUUVBkQhDvaA
【主播推送商品】,1665470258755,2022-10-11 14:37:38,主播,131号
【主播推送商品】,1665470265876,2022-10-11 14:37:45,主播,131号
【主播推送商品】,1665470274923,2022-10-11 14:37:54,主播,131号
【用户正在购买】,1665470279467,2022-10-11 14:37:59,jd_UUUVBkQhDvaA,Top
【主播推送商品】,1665470282347,2022-10-11 14:38:02,主播,131号
【实时弹幕】,1665470283181,2022-10-11 14:38:03,jd_131030213,领券下单更优惠
【实时弹幕】,1665470287509,2022-10-11 14:38:07,芝麻开门626,领券下单更优惠
【主播推送商品】,1665470289885,2022-10-11 14:38:09,主播,131号
【用户正在购买】,1665470293032,2022-10-11 14:38:13,u_mivbj5kqfx2n,107号
【实时弹幕】,1665470295855,2022-10-11 14:38:15,fanfan_s2815,领券下单更优惠
【用户关注】,1665470295938,2022-10-11 14:38:15,fanfan_s2815
【主播推送商品】,1665470300441,2022-10-11 14:38:20,主播,131号
【主播推送商品】,1665470311297,2022-10-11 14:38:31,主播,131号
【实时弹幕】,1665470311311,2022-10-11 14:38:31,werchun,领券下单更优惠
【用户关注】,1665470311516,2022-10-11 14:38:31,werchun
【主播推送商品】,1665470317971,2022-10-11 14:38:37,主播,131号
【用户正在购买】,1665470320207,2022-10-11 14:38:40,jd_UUUVBkQhDvaA,140号
【主播推送商品】,1665470323157,2022-10-11 14:38:43,主播,131号
【用户正在购买】,1665470326140,2022-10-11 14:38:46,jd_UUUVBkQhDvaA,138号
【主播推送商品】,1665470331844,2022-10-11 14:38:51,主播,131号
【实时弹幕】,1665470337855,2022-10-11 14:38:57,南望山南山,领券下单更优惠
【实时弹幕】,1665470340955,2022-10-11 14:39:00,jdlittlermp,领券下单更优惠
【主播推送商品】,1665470341068,2022-10-11 14:39:01,主播,131号
【主播推送商品】,1665470351594,2022-10-11 14:39:11,主播,131号
【主播推送商品】,1665470357882,2022-10-11 14:39:17,主播,131号
【用户正在购买】,1665470359615,2022-10-11 14:39:19,jd_UUUVBkQhDvaA,137号
【主播发优惠券】,1665470360717,2022-10-11 14:39:20,主播,5
【主播推送商品】,1665470364049,2022-10-11 14:39:24,主播,131号
【主播推送商品】,1665470379748,2022-10-11 14:39:39,主播,131号
【用户正在购买】,1665470384928,2022-10-11 14:39:44,CzFUjisOwzhf,Top
【实时弹幕】,1665470387212,2022-10-11 14:39:47,358912862-564053,领券下单更优惠
【实时弹幕】,1665470388315,2022-10-11 14:39:48,jd_251182278,领券下单更优惠
【实时弹幕】,1665470389297,2022-10-11 14:39:49,数码发烧友123,夹心海苔有吗？
【用户加入购物车】,1665470399371,2022-10-11 14:39:59,jd_UUUVBkQhDvaA,137号
【实时弹幕】,1665470406231,2022-10-11 14:40:06,jd_138040jdks,领券下单更优惠
【实时弹幕】,1665470408188,2022-10-11 14:40:08,jd_139059yzf,领券下单更优惠
【主播推送商品】,1665470408375,2022-10-11 14:40:08,主播,8号
【主播推送商品】,1665470416374,2022-10-11 14:40:16,主播,8号
【用户正在购买】,1665470420304,2022-10-11 14:40:20,数码发烧友123,8号
【主播推送商品】,1665470422489,2022-10-11 14:40:22,主播,8号
【主播推送商品】,1665470433553,2022-10-11 14:40:33,主播,70号
【主播推送商品】,1665470449163,2022-10-11 14:40:49,主播,70号
【用户正在购买】,1665470450197,2022-10-11 14:40:50,CzFUjisOwzhf,129号
【主播推送商品】,1665470453943,2022-10-11 14:40:53,主播,70号
【实时弹幕】,1665470462040,2022-10-11 14:41:02,徐京全,领券下单更优惠
【实时弹幕】,1665470468432,2022-10-11 14:41:08,u_m4ftgta5wmk2,领券下单更优惠
【用户关注】,1665470468549,2022-10-11 14:41:08,u_m4ftgta5wmk2
【主播推送商品】,1665470469503,2022-10-11 14:41:09,主播,70号
【主播推送商品】,1665470473055,2022-10-11 14:41:13,主播,70号
【用户加入购物车】,1665470473883,2022-10-11 14:41:13,CzFUjisOwzhf,137号
【用户正在购买】,1665470475364,2022-10-11 14:41:15,CzFUjisOwzhf,137号
【实时弹幕】,1665470483050,2022-10-11 14:41:23,谷子二姐,领券下单更优惠
【主播推送商品】,1665470491506,2022-10-11 14:41:31,主播,70号
【主播推送商品】,1665470495781,2022-10-11 14:41:35,主播,70号
【实时弹幕】,1665470500843,2022-10-11 14:41:40,jd_thusw23,领券下单更优惠
【用户关注】,1665470500934,2022-10-11 14:41:40,jd_thusw23
【主播推送商品】,1665470503134,2022-10-11 14:41:43,主播,70号
【用户正在购买】,1665470508703,2022-10-11 14:41:48,CzFUjisOwzhf,Top
【主播推送商品】,1665470516421,2022-10-11 14:41:56,主播,70号
【实时弹幕】,1665470518150,2022-10-11 14:41:58,u_m8n42e1tavhm,领券下单更优惠
【主播推送商品】,1665470531975,2022-10-11 14:42:11,主播,70号
【实时弹幕】,1665470568478,2022-10-11 14:42:48,大天狗吃月,领券下单更优惠
【实时弹幕】,1665470582107,2022-10-11 14:43:02,怼怼是cc的粉丝,领券下单更优惠
【实时弹幕】,1665470605829,2022-10-11 14:43:25,做饭好吃6666,领券下单更优惠
【实时弹幕】,1665470623571,2022-10-11 14:43:43,jd_158227zgn,领券下单更优惠
【实时弹幕】,1665470640255,2022-10-11 14:44:00,邹俊729,领券下单更优惠
【实时弹幕】,1665470642011,2022-10-11 14:44:02,jd189506cki,领券下单更优惠
【实时弹幕】,1665470649933,2022-10-11 14:44:09,TtfyDyVCqAyq环球,领券下单更优惠
【实时弹幕】,1665470653546,2022-10-11 14:44:13,jd_153967hlyc,领券下单更优惠
【实时弹幕】,1665470678460,2022-10-11 14:44:38,jd_5cf88aff7ed39,领券下单更优惠
【用户正在购买】,1665470681259,2022-10-11 14:44:41,jd_151512eeyf,5号
【实时弹幕】,1665470687697,2022-10-11 14:44:47,幽蓝月夜,领券下单更优惠
【主播推送商品】,1665470701312,2022-10-11 14:45:01,主播,69号
【主播推送商品】,1665470718000,2022-10-11 14:45:18,主播,69号
【实时弹幕】,1665470767275,2022-10-11 14:46:07,as9a12,领券下单更优惠
【实时弹幕】,1665470781478,2022-10-11 14:46:21,jd_oqSmNkywWUbT,领券下单更优惠
【实时弹幕】,1665470791303,2022-10-11 14:46:31,jd_1016146,领券下单更优惠
【实时弹幕】,1665470809963,2022-10-11 14:46:49,水晶石wang222,领券下单更优惠
【实时弹幕】,1665470817342,2022-10-11 14:46:57,jd136438qjl,领券下单更优惠
【实时弹幕】,1665470826004,2022-10-11 14:47:06,黄金的雄狮,领券下单更优惠
【用户关注】,1665470826107,2022-10-11 14:47:06,黄金的雄狮
【实时弹幕】,1665470837104,2022-10-11 14:47:17,jd_kcgggZOdGSvD,领券下单更优惠
【实时弹幕】,1665470866814,2022-10-11 14:47:46,qiuhong0311,领券下单更优惠
【实时弹幕】,1665470872697,2022-10-11 14:47:52,jd_155899njl,领券下单更优惠
【用户关注】,1665470872816,2022-10-11 14:47:52,jd_155899njl
【实时弹幕】,1665470883506,2022-10-11 14:48:03,jd_BTshQtZSNNWI,领券下单更优惠
【用户关注】,1665470883598,2022-10-11 14:48:03,jd_BTshQtZSNNWI
【主播推送商品】,1665470893802,2022-10-11 14:48:13,主播,68号
【主播推送商品】,1665470905890,2022-10-11 14:48:25,主播,68号
【用户正在购买】,1665470911373,2022-10-11 14:48:31,杨燕梅008,68号
【用户正在购买】,1665470920107,2022-10-11 14:48:40,jd_182659vqw,120号
【主播推送商品】,1665470928448,2022-10-11 14:48:48,主播,68号
【实时弹幕】,1665470936698,2022-10-11 14:48:56,wwh76599,领券下单更优惠
【实时弹幕】,1665470946810,2022-10-11 14:49:06,jd_135880rlms,领券下单更优惠
【主播推送商品】,1665470950840,2022-10-11 14:49:10,主播,68号
【用户正在购买】,1665470952577,2022-10-11 14:49:12,杨燕梅008,68号
【实时弹幕】,1665470956339,2022-10-11 14:49:16,uAYhHCQOHmLZ,领券下单更优惠
【实时弹幕】,1665470961084,2022-10-11 14:49:21,应佰,领券下单更优惠
【主播推送商品】,1665470965635,2022-10-11 14:49:25,主播,68号
【主播推送商品】,1665470972641,2022-10-11 14:49:32,主播,68号
【主播推送商品】,1665470977746,2022-10-11 14:49:37,主播,68号
【主播推送商品】,1665470983974,2022-10-11 14:49:43,主播,68号
【主播推送商品】,1665470990359,2022-10-11 14:49:50,主播,68号
【实时弹幕】,1665470994106,2022-10-11 14:49:54,哦帮杀狼黑,领券下单更优惠
【主播推送商品】,1665471007078,2022-10-11 14:50:07,主播,68号
【主播推送商品】,1665471013885,2022-10-11 14:50:13,主播,68号
【主播推送商品】,1665471019105,2022-10-11 14:50:19,主播,68号
【主播推送商品】,1665471030992,2022-10-11 14:50:30,主播,68号
【用户正在购买】,1665471037805,2022-10-11 14:50:37,jd_182659vqw,49号
【实时弹幕】,1665471038582,2022-10-11 14:50:38,abfg007,领券下单更优惠
【用户关注】,1665471038653,2022-10-11 14:50:38,abfg007
【实时弹幕】,1665471053011,2022-10-11 14:50:53,jd_ivtqkjdTSvGw,领券下单更优惠
【用户关注】,1665471053053,2022-10-11 14:50:53,jd_ivtqkjdTSvGw
【实时弹幕】,1665471058072,2022-10-11 14:50:58,jd_139218ctm,领券下单更优惠
【主播推送商品】,1665471059851,2022-10-11 14:50:59,主播,67号
【主播推送商品】,1665471061179,2022-10-11 14:51:01,主播,66号
【用户正在购买】,1665471062594,2022-10-11 14:51:02,jd_TrvhGGJrNCaE,66号
【主播推送商品】,1665471063161,2022-10-11 14:51:03,主播,65号
【实时弹幕】,1665471070577,2022-10-11 14:51:10,SYCqDQsdLYKg,领券下单更优惠
【实时弹幕】,1665471074214,2022-10-11 14:51:14,jd_WyxHswUZQiMg,领券下单更优惠
【实时弹幕】,1665471074792,2022-10-11 14:51:14,jd_jGbwebcbQkyx,领券下单更优惠
【主播推送商品】,1665471083451,2022-10-11 14:51:23,主播,42号
【主播推送商品】,1665471101688,2022-10-11 14:51:41,主播,42号
【主播推送商品】,1665471108993,2022-10-11 14:51:48,主播,42号
【用户加入购物车】,1665471109393,2022-10-11 14:51:49,jd_TrvhGGJrNCaE,70号
【主播推送商品】,1665471113091,2022-10-11 14:51:53,主播,42号
【用户分享直播间】,1665471117790,2022-10-11 14:51:57,却有强劲的大脑
【主播推送商品】,1665471132338,2022-10-11 14:52:12,主播,42号
【主播推送商品】,1665471139592,2022-10-11 14:52:19,主播,42号
【主播推送商品】,1665471145946,2022-10-11 14:52:25,主播,42号
【实时弹幕】,1665471149145,2022-10-11 14:52:29,jd_ZMoCsDwilSuj,领券下单更优惠
【实时弹幕】,1665471149175,2022-10-11 14:52:29,jd_5fa67fec43b7f,领券下单更优惠
【实时弹幕】,1665471151051,2022-10-11 14:52:31,jd_GTYndmsRGndm,领券下单更优惠
【实时弹幕】,1665471152027,2022-10-11 14:52:32,jd_6705c858bcfe0,领券下单更优惠
【主播推送商品】,1665471152364,2022-10-11 14:52:32,主播,42号
【主播推送商品】,1665471157327,2022-10-11 14:52:37,主播,42号
【主播推送商品】,1665471162842,2022-10-11 14:52:42,主播,42号
【实时弹幕】,1665471170224,2022-10-11 14:52:50,jd138758pkw,领券下单更优惠
【主播推送商品】,1665471181113,2022-10-11 14:53:01,主播,42号
【用户正在购买】,1665471192499,2022-10-11 14:53:12,u_4co73krf4reh,42号
【主播推送商品】,1665471194560,2022-10-11 14:53:14,主播,42号
【主播推送商品】,1665471199623,2022-10-11 14:53:19,主播,42号
【主播推送商品】,1665471207618,2022-10-11 14:53:27,主播,42号
【主播推送商品】,1665471214105,2022-10-11 14:53:34,主播,42号
【用户关注】,1665471221681,2022-10-11 14:53:41,五年前听不懂十年
【主播推送商品】,1665471223088,2022-10-11 14:53:43,主播,42号
【用户正在购买】,1665471226015,2022-10-11 14:53:46,jd_155424pulj,140号
【主播推送商品】,1665471233627,2022-10-11 14:53:53,主播,37号
【用户关注】,1665471236289,2022-10-11 14:53:56,u_4co73krf4reh
【主播推送商品】,1665471239312,2022-10-11 14:53:59,主播,37号
【主播推送商品】,1665471248618,2022-10-11 14:54:08,主播,37号
【实时弹幕】,1665471248939,2022-10-11 14:54:08,u_4co73krf4reh,领券下单更优惠
【主播推送商品】,1665471260747,2022-10-11 14:54:20,主播,37号
【主播推送商品】,1665471265359,2022-10-11 14:54:25,主播,37号
【用户领券】,1665471270611,2022-10-11 14:54:30,jd_4bf8a04c55859,领取了满169减50元券
【主播推送商品】,1665471275722,2022-10-11 14:54:35,主播,37号
【实时弹幕】,1665471277565,2022-10-11 14:54:37,戢财建,领券下单更优惠
【主播推送商品】,1665471281933,2022-10-11 14:54:41,主播,37号
【用户正在购买】,1665471286995,2022-10-11 14:54:46,u_4co73krf4reh,37号
【主播推送商品】,1665471292605,2022-10-11 14:54:52,主播,37号
【实时弹幕】,1665471293954,2022-10-11 14:54:53,jd_7742280724,领券下单更优惠
【实时弹幕】,1665471295161,2022-10-11 14:54:55,yuanhuiyh,领券下单更优惠
【主播推送商品】,1665471301039,2022-10-11 14:55:01,主播,37号
【主播推送商品】,1665471307680,2022-10-11 14:55:07,主播,37号
【实时弹幕】,1665471308403,2022-10-11 14:55:08,jd_5123d59f47c6e,领券下单更优惠
【主播推送商品】,1665471317793,2022-10-11 14:55:17,主播,37号
【主播推送商品】,1665471325266,2022-10-11 14:55:25,主播,37号
【主播推送商品】,1665471334377,2022-10-11 14:55:34,主播,37号
【实时弹幕】,1665471338594,2022-10-11 14:55:38,jd_upETHRxGPSid,领券下单更优惠
【主播推送商品】,1665471339032,2022-10-11 14:55:39,主播,37号
【实时弹幕】,1665471347937,2022-10-11 14:55:47,Tftyang,领券下单更优惠
【主播推送商品】,1665471348132,2022-10-11 14:55:48,主播,37号
【主播推送商品】,1665471362115,2022-10-11 14:56:02,主播,21号
【主播推送商品】,1665471362908,2022-10-11 14:56:02,主播,22号
【主播推送商品】,1665471381850,2022-10-11 14:56:21,主播,37号
【主播推送商品】,1665471391094,2022-10-11 14:56:31,主播,37号
【主播推送商品】,1665471398407,2022-10-11 14:56:38,主播,37号
【用户正在购买】,1665471400693,2022-10-11 14:56:40,五年前听不懂十年,99号
【用户正在购买】,1665471406495,2022-10-11 14:56:46,五年前听不懂十年,97号
【主播推送商品】,1665471414383,2022-10-11 14:56:54,主播,33号
【实时弹幕】,1665471420861,2022-10-11 14:57:00,jd_136912dzd,领券下单更优惠
【实时弹幕】,1665471425617,2022-10-11 14:57:05,jd_138292qox,领券下单更优惠
【用户关注】,1665471425698,2022-10-11 14:57:05,jd_138292qox
【主播推送商品】,1665471426815,2022-10-11 14:57:06,主播,33号
【实时弹幕】,1665471427675,2022-10-11 14:57:07,帅528,领券下单更优惠
【主播推送商品】,1665471437913,2022-10-11 14:57:17,主播,33号
【主播推送商品】,1665471450707,2022-10-11 14:57:30,主播,33号
【实时弹幕】,1665471452843,2022-10-11 14:57:32,jd_BRHZTOuFHCnr,领券下单更优惠
【主播推送商品】,1665471456940,2022-10-11 14:57:36,主播,33号
【实时弹幕】,1665471461408,2022-10-11 14:57:41,jd_QtrTXEYkiIRt,领券下单更优惠
【主播推送商品】,1665471464394,2022-10-11 14:57:44,主播,33号
【实时弹幕】,1665471466091,2022-10-11 14:57:46,jd_155471lhe,领券下单更优惠
【主播推送商品】,1665471469764,2022-10-11 14:57:49,主播,33号
【主播推送商品】,1665471477864,2022-10-11 14:57:57,主播,33号
【实时弹幕】,1665471478094,2022-10-11 14:57:58,janeyang6,领券下单更优惠
【用户领券】,1665471486753,2022-10-11 14:58:06,杨杨没有西红柿,领取了一张优惠券
【用户领券】,1665471487782,2022-10-11 14:58:07,杨杨没有西红柿,领取了一张优惠券
【主播推送商品】,1665471488706,2022-10-11 14:58:08,主播,33号
【实时弹幕】,1665471493814,2022-10-11 14:58:13,jd_131623hmy,领券下单更优惠
【主播推送商品】,1665471495366,2022-10-11 14:58:15,主播,33号
【实时弹幕】,1665471497242,2022-10-11 14:58:17,小折页_,领券下单更优惠
【实时弹幕】,1665471502778,2022-10-11 14:58:22,云淡风轻HSH,领券下单更优惠
【用户关注】,1665471502895,2022-10-11 14:58:22,云淡风轻HSH
【主播推送商品】,1665471503369,2022-10-11 14:58:23,主播,33号
【主播推送商品】,1665471510591,2022-10-11 14:58:30,主播,33号
【用户正在购买】,1665471516371,2022-10-11 14:58:36,五年前听不懂十年,33号
【主播推送商品】,1665471517359,2022-10-11 14:58:37,主播,33号
【实时弹幕】,1665471534162,2022-10-11 14:58:54,五年前听不懂十年,领券下单更优惠
【主播推送商品】,1665471535070,2022-10-11 14:58:55,主播,33号
【实时弹幕】,1665471540274,2022-10-11 14:59:00,炽热守护者FRG,领券下单更优惠
【用户关注】,1665471540383,2022-10-11 14:59:00,炽热守护者FRG
【实时弹幕】,1665471551116,2022-10-11 14:59:11,蓝天白天我飞翔,领券下单更优惠
【主播推送商品】,1665471552528,2022-10-11 14:59:12,主播,38号
【实时弹幕】,1665471554410,2022-10-11 14:59:14,jd_4f22137ed2e1c,领券下单更优惠
【主播推送商品】,1665471576915,2022-10-11 14:59:36,主播,38号
【实时弹幕】,1665471577395,2022-10-11 14:59:37,花香茉莉Chenli,领券下单更优惠
【主播推送商品】,1665471590416,2022-10-11 14:59:50,主播,38号
【实时弹幕】,1665471594668,2022-10-11 14:59:54,jd135229vpd,领券下单更优惠
【主播推送商品】,1665471610023,2022-10-11 15:00:10,主播,38号
【主播推送商品】,1665471615597,2022-10-11 15:00:15,主播,38号
【主播推送商品】,1665471621147,2022-10-11 15:00:21,主播,38号
【主播推送商品】,1665471637021,2022-10-11 15:00:37,主播,38号
【实时弹幕】,1665471638090,2022-10-11 15:00:38,jd_131321fim,领券下单更优惠
【主播推送商品】,1665471641198,2022-10-11 15:00:41,主播,38号
【用户正在购买】,1665471679361,2022-10-11 15:01:19,jd_139257mnvw,140号
【实时弹幕】,1665471682128,2022-10-11 15:01:22,jd_5d8a18589604c,领券下单更优惠
【实时弹幕】,1665471682895,2022-10-11 15:01:22,lishaobinb,领券下单更优惠
【主播推送商品】,1665471697318,2022-10-11 15:01:37,主播,27号
【主播推送商品】,1665471710992,2022-10-11 15:01:50,主播,27号
【实时弹幕】,1665471713154,2022-10-11 15:01:53,hulaoye,领券下单更优惠
【用户正在购买】,1665471722593,2022-10-11 15:02:02,jd_139257mnvw,135号
【主播推送商品】,1665471729378,2022-10-11 15:02:09,主播,27号
【主播推送商品】,1665471750082,2022-10-11 15:02:30,主播,27号
【用户正在购买】,1665471763014,2022-10-11 15:02:43,jd_139257mnvw,129号
【实时弹幕】,1665471765167,2022-10-11 15:02:45,华北森林,领券下单更优惠
【主播推送商品】,1665471768724,2022-10-11 15:02:48,主播,27号
【实时弹幕】,1665471772416,2022-10-11 15:02:52,jd_137055dfq,领券下单更优惠
【实时弹幕】,1665471780838,2022-10-11 15:03:00,jd_158627ybh,领券下单更优惠
【主播推送商品】,1665471782422,2022-10-11 15:03:02,主播,27号
【实时弹幕】,1665471784880,2022-10-11 15:03:04,张文峰1,领券下单更优惠
【实时弹幕】,1665471785437,2022-10-11 15:03:05,jd_jtUvIBROmZHD,领券下单更优惠
【实时弹幕】,1665471785916,2022-10-11 15:03:05,jd_das2276,领券下单更优惠
【主播推送商品】,1665471788024,2022-10-11 15:03:08,主播,27号
【实时弹幕】,1665471792043,2022-10-11 15:03:12,jd_BHnpbOtGdRls,领券下单更优惠
【主播推送商品】,1665471818596,2022-10-11 15:03:38,主播,27号
【实时弹幕】,1665471820705,2022-10-11 15:03:40,xw139*****393,领券下单更优惠
【主播推送商品】,1665471836936,2022-10-11 15:03:56,主播,27号
【用户加入购物车】,1665471841608,2022-10-11 15:04:01,jd_151083kgxp,38号
【实时弹幕】,1665471852333,2022-10-11 15:04:12,yijunc,领券下单更优惠
【主播推送商品】,1665471858233,2022-10-11 15:04:18,主播,58号
【实时弹幕】,1665471858319,2022-10-11 15:04:18,jimmysniper,领券下单更优惠
【实时弹幕】,1665471869366,2022-10-11 15:04:29,oqxKhhTFVHbt,领券下单更优惠
【用户加入购物车】,1665471871807,2022-10-11 15:04:31,jd_151083kgxp,97号
【主播推送商品】,1665471876759,2022-10-11 15:04:36,主播,58号
【用户加入购物车】,1665471876967,2022-10-11 15:04:36,jd_151083kgxp,92号
【实时弹幕】,1665471887231,2022-10-11 15:04:47,jd_uFzgggPotBhd,领券下单更优惠
【实时弹幕】,1665471888162,2022-10-11 15:04:48,jd_182016coyn,领券下单更优惠
【主播推送商品】,1665471892142,2022-10-11 15:04:52,主播,58号
【用户加入购物车】,1665471899191,2022-10-11 15:04:59,jd_151083kgxp,70号
【主播推送商品】,1665471901950,2022-10-11 15:05:01,主播,58号
【实时弹幕】,1665471913834,2022-10-11 15:05:13,久濑敏子88,领券下单更优惠
【主播推送商品】,1665471921548,2022-10-11 15:05:21,主播,58号
【用户加入购物车】,1665471924027,2022-10-11 15:05:24,jd_151083kgxp,32号
【用户正在购买】,1665471928068,2022-10-11 15:05:28,jd_151083kgxp,30号
【用户加入购物车】,1665471939119,2022-10-11 15:05:39,jd_151083kgxp,27号
【主播推送商品】,1665471942015,2022-10-11 15:05:42,主播,58号
【用户正在购买】,1665471944367,2022-10-11 15:05:44,jd_151083kgxp,23号
【主播推送商品】,1665471947760,2022-10-11 15:05:47,主播,58号
【用户加入购物车】,1665471955510,2022-10-11 15:05:55,jd_151083kgxp,11号
【用户加入购物车】,1665471957121,2022-10-11 15:05:57,jd_151083kgxp,10号
【用户加入购物车】,1665471960214,2022-10-11 15:06:00,jd_151083kgxp,09号
【用户加入购物车】,1665471962579,2022-10-11 15:06:02,jd_151083kgxp,10号
【用户加入购物车】,1665471964479,2022-10-11 15:06:04,jd_151083kgxp,10号
【用户加入购物车】,1665471968699,2022-10-11 15:06:08,jd_151083kgxp,07号
【用户加入购物车】,1665471972347,2022-10-11 15:06:12,jd_151083kgxp,05号
【实时弹幕】,1665471974150,2022-10-11 15:06:14,软泥怪冲鸭,领券下单更优惠
【用户关注】,1665471974238,2022-10-11 15:06:14,软泥怪冲鸭
【主播推送商品】,1665471975877,2022-10-11 15:06:15,主播,58号
【用户正在购买】,1665471978422,2022-10-11 15:06:18,jd_oOEqLFAlllBX,58号
【实时弹幕】,1665471996614,2022-10-11 15:06:36,gtxhdn,领券下单更优惠
【主播推送商品】,1665472015937,2022-10-11 15:06:55,主播,Top
【实时弹幕】,1665472029739,2022-10-11 15:07:09,小F0115,领券下单更优惠
【主播推送商品】,1665472033042,2022-10-11 15:07:13,主播,Top
【实时弹幕】,1665472054154,2022-10-11 15:07:34,jhytzjp,领券下单更优惠
【主播推送商品】,1665472060306,2022-10-11 15:07:40,主播,Top
【实时弹幕】,1665472096662,2022-10-11 15:08:16,u_ksbzh84fq4kn,领券下单更优惠
【实时弹幕】,1665472097086,2022-10-11 15:08:17,duanxyong,领券下单更优惠
【实时弹幕】,1665472103545,2022-10-11 15:08:23,jd_rwifajEgNjIh,领券下单更优惠
【实时弹幕】,1665472124710,2022-10-11 15:08:44,amyshop,领券下单更优惠
【实时弹幕】,1665472155419,2022-10-11 15:09:15,jd_7227e6b3d053a,领券下单更优惠
【用户正在购买】,1665472155667,2022-10-11 15:09:15,jd_61f0ddbd8c26e,Top
【实时弹幕】,1665472156236,2022-10-11 15:09:16,jd_JIZrEBLwNslk,领券下单更优惠
【用户领券】,1665472159912,2022-10-11 15:09:19,名字好难讷,领取了满169减50元券
【用户领券】,1665472161404,2022-10-11 15:09:21,名字好难讷,领取了满99减30元券
【主播推送商品】,1665472165594,2022-10-11 15:09:25,主播,Top
【主播推送商品】,1665472166838,2022-10-11 15:09:26,主播,Top
【用户正在购买】,1665472179505,2022-10-11 15:09:39,jd_182534ydh,121号
【主播推送商品】,1665472187356,2022-10-11 15:09:47,主播,Top
【用户正在购买】,1665472188608,2022-10-11 15:09:48,jd_188548wsn,Top
【实时弹幕】,1665472201481,2022-10-11 15:10:01,songjinghua宋静华,领券下单更优惠
【实时弹幕】,1665472208729,2022-10-11 15:10:08,jd_dJfOmsOBDniZ,领券下单更优惠
【用户正在购买】,1665472210531,2022-10-11 15:10:10,jd_182534ydh,121号
【主播推送商品】,1665472218857,2022-10-11 15:10:18,主播,Top
【主播推送商品】,1665472224344,2022-10-11 15:10:24,主播,Top
【主播推送商品】,1665472237787,2022-10-11 15:10:37,主播,Top
【主播推送商品】,1665472247706,2022-10-11 15:10:47,主播,Top
【实时弹幕】,1665472252919,2022-10-11 15:10:52,jd180200zks,领券下单更优惠
【实时弹幕】,1665472290002,2022-10-11 15:11:30,雨砚雨,怎么领券
【主播推送商品】,1665472290839,2022-10-11 15:11:30,主播,Top
【主播推送商品】,1665472293001,2022-10-11 15:11:33,主播,138号
【用户领券】,1665472311074,2022-10-11 15:11:51,雨砚雨,领取了满169减50元券
【用户加入购物车】,1665472320259,2022-10-11 15:12:00,雨砚雨,136号
【用户领券】,1665472325643,2022-10-11 15:12:05,雨砚雨,领取了满99减30元券
【主播弹幕】,1665472326431,2022-10-11 15:12:06,主播,1-72号链接参加169-50 购物袋最上方领取优惠券
【主播弹幕】,1665472328263,2022-10-11 15:12:08,主播,  1-72号链接参加169-50 购物袋最上方领取优惠券
【主播弹幕】,1665472330815,2022-10-11 15:12:10,主播,1-72号链接参加169-50 购物袋最上方领取优惠券
【实时弹幕】,1665472333983,2022-10-11 15:12:13,jd_189709ygg,领券下单更优惠
【实时弹幕】,1665472346038,2022-10-11 15:12:26,愿平平安安,领券下单更优惠
【用户关注】,1665472346151,2022-10-11 15:12:26,愿平平安安
【实时弹幕】,1665472350391,2022-10-11 15:12:30,jd_5a46927ecf783,领券下单更优惠
【实时弹幕】,1665472351725,2022-10-11 15:12:31,雨砚雨,有牛肉干吗
【实时弹幕】,1665472352043,2022-10-11 15:12:32,jd_5a5766d8c6e47,领券下单更优惠
【主播推送商品】,1665472352416,2022-10-11 15:12:32,主播,138号
【实时弹幕】,1665472372592,2022-10-11 15:12:52,jd_138561ttd,领券下单更优惠
【用户正在购买】,1665472375948,2022-10-11 15:12:55,jd_61093f93c9a71,140号
【主播推送商品】,1665472386474,2022-10-11 15:13:06,主播,130号
【主播推送商品】,1665472392026,2022-10-11 15:13:12,主播,99号
【实时弹幕】,1665472394683,2022-10-11 15:13:14,jd_moiGeWrqJMXg,领券下单更优惠
【用户正在购买】,1665472395015,2022-10-11 15:13:15,雨砚雨,99号
【用户正在购买】,1665472419504,2022-10-11 15:13:39,jd_ogOruHboVIsP,140号
【主播推送商品】,1665472420517,2022-10-11 15:13:40,主播,99号
【主播发优惠券】,1665472444543,2022-10-11 15:14:04,主播,5
【实时弹幕】,1665472458112,2022-10-11 15:14:18,余生有杏,领券下单更优惠
【主播推送商品】,1665472460050,2022-10-11 15:14:20,主播,99号
【主播推送商品】,1665472469262,2022-10-11 15:14:29,主播,99号
【实时弹幕】,1665472481992,2022-10-11 15:14:41,嘻嘻嘻嘻哈哈哈哈王,领券下单更优惠
【用户关注】,1665472485246,2022-10-11 15:14:45,jd_ogOruHboVIsP
【用户正在购买】,1665472488326,2022-10-11 15:14:48,雨砚雨,136号
【实时弹幕】,1665472491830,2022-10-11 15:14:51,hx2546,领券下单更优惠
【实时弹幕】,1665472491877,2022-10-11 15:14:51,jd_aFXfWhobIoyE,领券下单更优惠
【用户关注】,1665472491964,2022-10-11 15:14:51,jd_aFXfWhobIoyE
【主播推送商品】,1665472497444,2022-10-11 15:14:57,主播,130号
【实时弹幕】,1665472501929,2022-10-11 15:15:01,jd_185224jcv,领券下单更优惠
【实时弹幕】,1665472513938,2022-10-11 15:15:13,胖卷军军,领券下单更优惠
【实时弹幕】,1665472515775,2022-10-11 15:15:15,haorenliangyisheng,领券下单更优惠
【主播推送商品】,1665472530157,2022-10-11 15:15:30,主播,130号
【用户加入购物车】,1665472531143,2022-10-11 15:15:31,jd_ogOruHboVIsP,140号
【主播推送商品】,1665472540926,2022-10-11 15:15:40,主播,130号
【用户正在购买】,1665472545217,2022-10-11 15:15:45,雨砚雨,130号
【主播推送商品】,1665472548760,2022-10-11 15:15:48,主播,130号
【主播推送商品】,1665472555193,2022-10-11 15:15:55,主播,130号
【主播推送商品】,1665472562045,2022-10-11 15:16:02,主播,130号
【实时弹幕】,1665472566736,2022-10-11 15:16:06,ynztzlzn,领券下单更优惠
【主播推送商品】,1665472570413,2022-10-11 15:16:10,主播,130号
【主播推送商品】,1665472577930,2022-10-11 15:16:17,主播,130号
【实时弹幕】,1665472583387,2022-10-11 15:16:23,jd_4ff39fd167d8d,领券下单更优惠
【实时弹幕】,1665472584676,2022-10-11 15:16:24,北戴河哈哈哈,领券下单更优惠
【用户正在购买】,1665472592475,2022-10-11 15:16:32,雨砚雨,136号
【用户分享直播间】,1665472600516,2022-10-11 15:16:40,太阳弯弯123
【实时弹幕】,1665472602716,2022-10-11 15:16:42,jd_452adce51a72c,领券下单更优惠
【实时弹幕】,1665472610565,2022-10-11 15:16:50,雨砚雨,怎么领券
【实时弹幕】,1665472615310,2022-10-11 15:16:55,jd_dicRLUzUmWkN,领券下单更优惠
【实时弹幕】,1665472616020,2022-10-11 15:16:56,SHILEWUYA,领券下单更优惠
【用户正在购买】,1665472623015,2022-10-11 15:17:03,jd_41a5b68cc03ae,131号
【实时弹幕】,1665472633348,2022-10-11 15:17:13,雨砚雨,1
【主播发优惠券】,1665472641726,2022-10-11 15:17:21,主播,10
【主播弹幕】,1665472647082,2022-10-11 15:17:27,主播,1-72号链接参加169-50 购物袋最上方领取优惠券
【主播弹幕】,1665472649715,2022-10-11 15:17:29,主播,1-72号链接参加169-50 购物袋最上方领取优惠券
【实时弹幕】,1665472649831,2022-10-11 15:17:29,jd136410lfy,领券下单更优惠
【主播弹幕】,1665472650873,2022-10-11 15:17:30,主播,1-72号链接参加169-50 购物袋最上方领取优惠券
【用户领券】,1665472652093,2022-10-11 15:17:32,jd_vUyZBUpxrcXs,领取了满169减50元券
【用户加入购物车】,1665472653619,2022-10-11 15:17:33,jd_vUyZBUpxrcXs,Top
【实时弹幕】,1665472653784,2022-10-11 15:17:33,雨砚雨,5
【用户正在购买】,1665472656331,2022-10-11 15:17:36,jd_vUyZBUpxrcXs,Top
【主播发优惠券】,1665472664326,2022-10-11 15:17:44,主播,5
【主播推送商品】,1665472672510,2022-10-11 15:17:52,主播,138号
【实时弹幕】,1665472680107,2022-10-11 15:18:00,易缘来缘去,领券下单更优惠
【实时弹幕】,1665472684662,2022-10-11 15:18:04,jd_181173dls,领券下单更优惠
【用户加入购物车】,1665472693674,2022-10-11 15:18:13,雨砚雨,136号
【主播推送商品】,1665472695120,2022-10-11 15:18:15,主播,138号
【实时弹幕】,1665472701159,2022-10-11 15:18:21,愿无伐善,领券下单更优惠
【主播推送商品】,1665472706608,2022-10-11 15:18:26,主播,138号
【主播推送商品】,1665472733834,2022-10-11 15:18:53,主播,138号
【实时弹幕】,1665472741299,2022-10-11 15:19:01,jd_139797wnq,领券下单更优惠
【实时弹幕】,1665472745129,2022-10-11 15:19:05,阿忠心理督导师,领券下单更优惠
【实时弹幕】,1665472749032,2022-10-11 15:19:09,jd_hYOivDlHUTUI,领券下单更优惠
【主播推送商品】,1665472751226,2022-10-11 15:19:11,主播,138号
【实时弹幕】,1665472751700,2022-10-11 15:19:11,虫二0501,领券下单更优惠
【实时弹幕】,1665472757035,2022-10-11 15:19:17,jd_NSTBaPooDPHe,领券下单更优惠
【主播推送商品】,1665472761545,2022-10-11 15:19:21,主播,138号
【实时弹幕】,1665472763996,2022-10-11 15:19:23,jd_pFCEgKHHYEbX,领券下单更优惠
【实时弹幕】,1665472765066,2022-10-11 15:19:25,jd_135376ozd,领券下单更优惠
【用户关注】,1665472765177,2022-10-11 15:19:25,jd_135376ozd
【主播推送商品】,1665472770460,2022-10-11 15:19:30,主播,138号
【用户领券】,1665472778875,2022-10-11 15:19:38,剁手-党vhi,领取了满99减30元券
【主播推送商品】,1665472779105,2022-10-11 15:19:39,主播,138号
【用户领券】,1665472779892,2022-10-11 15:19:39,剁手-党vhi,领取了满169减50元券
【用户正在购买】,1665472784617,2022-10-11 15:19:44,剁手-党vhi,Top
【实时弹幕】,1665472790027,2022-10-11 15:19:50,梅若轻尘,领券下单更优惠
【用户关注】,1665472790726,2022-10-11 15:19:50,梅若轻尘
【主播发优惠券】,1665472797503,2022-10-11 15:19:57,主播,5
【实时弹幕】,1665472800099,2022-10-11 15:20:00,jd_173309srp,领券下单更优惠
【实时弹幕】,1665472802681,2022-10-11 15:20:02,sunshinezjt,领券下单更优惠
【用户关注】,1665472802752,2022-10-11 15:20:02,sunshinezjt
【主播推送商品】,1665472809642,2022-10-11 15:20:09,主播,138号
【实时弹幕】,1665472835640,2022-10-11 15:20:35,betterzing,领券下单更优惠
【主播推送商品】,1665472841864,2022-10-11 15:20:41,主播,138号
【主播推送商品】,1665472847705,2022-10-11 15:20:47,主播,138号
【主播发优惠券】,1665472857610,2022-10-11 15:20:57,主播,5
【实时弹幕】,1665472891142,2022-10-11 15:21:31,颗粒868,领券下单更优惠
【主播推送商品】,1665472903314,2022-10-11 15:21:43,主播,137号
【实时弹幕】,1665472917112,2022-10-11 15:21:57,jd_188107tle,领券下单更优惠
【主播推送商品】,1665472922169,2022-10-11 15:22:02,主播,137号
【主播发优惠券】,1665472930388,2022-10-11 15:22:10,主播,5
【主播推送商品】,1665472938420,2022-10-11 15:22:18,主播,137号
【实时弹幕】,1665472942222,2022-10-11 15:22:22,u_ehawvjws8nnn,领券下单更优惠
【实时弹幕】,1665472956524,2022-10-11 15:22:36,jd_135086gav,领券下单更优惠
【主播推送商品】,1665472975003,2022-10-11 15:22:55,主播,137号
【实时弹幕】,1665472985771,2022-10-11 15:23:05,jd_ypl5,领券下单更优惠
【主播推送商品】,1665472992733,2022-10-11 15:23:12,主播,137号
【主播推送商品】,1665473002913,2022-10-11 15:23:22,主播,137号
【实时弹幕】,1665473010900,2022-10-11 15:23:30,烟标五五五,领券下单更优惠
【用户正在购买】,1665473013270,2022-10-11 15:23:33,jd_42c980d37532f,Top
【主播推送商品】,1665473016314,2022-10-11 15:23:36,主播,137号
【实时弹幕】,1665473030231,2022-10-11 15:23:50,永远的弗格森爵士,领券下单更优惠
【用户正在购买】,1665473031078,2022-10-11 15:23:51,jd_42c980d37532f,137号
【主播推送商品】,1665473035447,2022-10-11 15:23:55,主播,137号
【实时弹幕】,1665473040255,2022-10-11 15:24:00,wanqing1984,领券下单更优惠
【用户关注】,1665473040421,2022-10-11 15:24:00,wanqing1984
【实时弹幕】,1665473045411,2022-10-11 15:24:05,1995融化,领券下单更优惠
【用户正在购买】,1665473069678,2022-10-11 15:24:29,jd_ogOruHboVIsP,Top
【主播推送商品】,1665473078025,2022-10-11 15:24:38,主播,136号
【实时弹幕】,1665473089143,2022-10-11 15:24:49,jd_4459a7f5055c1,领券下单更优惠
【实时弹幕】,1665473100796,2022-10-11 15:25:00,MdyiZIsqnZMS,领券下单更优惠
【实时弹幕】,1665473101563,2022-10-11 15:25:01,jd_798dd91624fc4,领券下单更优惠
【主播推送商品】,1665473102538,2022-10-11 15:25:02,主播,136号
【实时弹幕】,1665473114244,2022-10-11 15:25:14,138*****407as,领券下单更优惠
【实时弹幕】,1665473115481,2022-10-11 15:25:15,jd_LpqIyTjSnlew,领券下单更优惠
【实时弹幕】,1665473117558,2022-10-11 15:25:17,jd_7ff892840f7c9,领券下单更优惠
【实时弹幕】,1665473119307,2022-10-11 15:25:19,jd_159648wng,领券下单更优惠
【主播推送商品】,1665473129018,2022-10-11 15:25:29,主播,136号
【实时弹幕】,1665473130550,2022-10-11 15:25:30,lnpjxj,领券下单更优惠
【实时弹幕】,1665473140300,2022-10-11 15:25:40,jd_138406lob,领券下单更优惠
【主播推送商品】,1665473143852,2022-10-11 15:25:43,主播,136号
【实时弹幕】,1665473147286,2022-10-11 15:25:47,u_1h7nshn2gyhe,领券下单更优惠
【主播发优惠券】,1665473154780,2022-10-11 15:25:54,主播,10
【实时弹幕】,1665473158002,2022-10-11 15:25:58,jd_428x,领券下单更优惠
【主播推送商品】,1665473159202,2022-10-11 15:25:59,主播,136号
【实时弹幕】,1665473163435,2022-10-11 15:26:03,jd_oqdlzgDGOzcu,领券下单更优惠
【实时弹幕】,1665473166196,2022-10-11 15:26:06,wdyHYZDnkeeYtM,领券下单更优惠
【实时弹幕】,1665473174841,2022-10-11 15:26:14,冰凌1028,领券下单更优惠
【用户关注】,1665473174901,2022-10-11 15:26:14,冰凌1028
【主播推送商品】,1665473175503,2022-10-11 15:26:15,主播,136号
【主播推送商品】,1665473194368,2022-10-11 15:26:34,主播,136号
【主播推送商品】,1665473202617,2022-10-11 15:26:42,主播,136号
【实时弹幕】,1665473209374,2022-10-11 15:26:49,jd277636zgx,领券下单更优惠
【实时弹幕】,1665473211546,2022-10-11 15:26:51,jd_136425hnns,领券下单更优惠
【主播推送商品】,1665473212519,2022-10-11 15:26:52,主播,136号
【主播发优惠券】,1665473237244,2022-10-11 15:27:17,主播,10
【实时弹幕】,1665473237480,2022-10-11 15:27:17,hhYqYGBmMQkV,领券下单更优惠
【用户关注】,1665473237643,2022-10-11 15:27:17,hhYqYGBmMQkV
【实时弹幕】,1665473255156,2022-10-11 15:27:35,jd_136936xwj,领券下单更优惠
【实时弹幕】,1665473256105,2022-10-11 15:27:36,jd_138280oqx,领券下单更优惠
【主播推送商品】,1665473270798,2022-10-11 15:27:50,主播,128号
【实时弹幕】,1665473277149,2022-10-11 15:27:57,王老师好88,领券下单更优惠
【主播推送商品】,1665473279561,2022-10-11 15:27:59,主播,128号
【用户正在购买】,1665473283368,2022-10-11 15:28:03,jd_152774gzt,131号
【实时弹幕】,1665473293913,2022-10-11 15:28:13,cassie1010206,领券下单更优惠
【实时弹幕】,1665473298908,2022-10-11 15:28:18,jd_ogOruHboVIsP,还有坚果吗
【实时弹幕】,1665473300363,2022-10-11 15:28:20,jd_pQFHHJRGsdMq,领券下单更优惠
【用户关注】,1665473300424,2022-10-11 15:28:20,jd_pQFHHJRGsdMq
【主播推送商品】,1665473312996,2022-10-11 15:28:32,主播,128号
【用户正在购买】,1665473322666,2022-10-11 15:28:42,jd_ogOruHboVIsP,Top
【实时弹幕】,1665473328739,2022-10-11 15:28:48,tungstree,领券下单更优惠
【主播推送商品】,1665473333169,2022-10-11 15:28:53,主播,128号
【主播推送商品】,1665473340191,2022-10-11 15:29:00,主播,128号
【用户加入购物车】,1665473345380,2022-10-11 15:29:05,YnwqaZdZNjBt,Top
【实时弹幕】,1665473350828,2022-10-11 15:29:10,wym19700518,领券下单更优惠
【主播推送商品】,1665473367747,2022-10-11 15:29:27,主播,128号
【用户正在购买】,1665473369878,2022-10-11 15:29:29,u_8c42oyxwiwr9,128号
【主播推送商品】,1665473390834,2022-10-11 15:29:50,主播,128号
【实时弹幕】,1665473391165,2022-10-11 15:29:51,jd_ogOruHboVIsP,主页的那个箱装坚果  显示卖完了
【实时弹幕】,1665473391898,2022-10-11 15:29:51,jd137927ang,领券下单更优惠
【用户加入购物车】,1665473397280,2022-10-11 15:29:57,jd136044wrk,37号
【主播推送商品】,1665473398903,2022-10-11 15:29:58,主播,128号
【主播推送商品】,1665473406951,2022-10-11 15:30:06,主播,Top
【用户正在购买】,1665473413918,2022-10-11 15:30:13,jd_ogOruHboVIsP,Top
【主播推送商品】,1665473414758,2022-10-11 15:30:14,主播,138号
【用户正在购买】,1665473421037,2022-10-11 15:30:21,jd_ogOruHboVIsP,138号
【实时弹幕】,1665473433091,2022-10-11 15:30:33,jd_ogOruHboVIsP,都没了。。
【主播推送商品】,1665473433920,2022-10-11 15:30:33,主播,138号
【主播推送商品】,1665473438016,2022-10-11 15:30:38,主播,137号
【实时弹幕】,1665473441712,2022-10-11 15:30:41,xsl136*****895,领券下单更优惠
【主播推送商品】,1665473443143,2022-10-11 15:30:43,主播,136号
【用户正在购买】,1665473443268,2022-10-11 15:30:43,jd_ogOruHboVIsP,137号
【用户正在购买】,1665473445211,2022-10-11 15:30:45,jd_sbWfNmwEIAAl,136号
【用户正在购买】,1665473451310,2022-10-11 15:30:51,jd_ogOruHboVIsP,136号
【主播推送商品】,1665473460574,2022-10-11 15:31:00,主播,136号
【用户正在购买】,1665473467093,2022-10-11 15:31:07,jd_gcqHyfpPslcE,116号
【用户正在购买】,1665473474192,2022-10-11 15:31:14,jd_ogOruHboVIsP,137号
【实时弹幕】,1665473487407,2022-10-11 15:31:27,雨砚雨,枣夹核桃可以用优惠券吗
【主播推送商品】,1665473497386,2022-10-11 15:31:37,主播,128号
【用户正在购买】,1665473500889,2022-10-11 15:31:40,jd_gcqHyfpPslcE,114号
【主播推送商品】,1665473506068,2022-10-11 15:31:46,主播,128号
【实时弹幕】,1665473511497,2022-10-11 15:31:51,tb3607184,领券下单更优惠
【用户关注】,1665473511555,2022-10-11 15:31:51,tb3607184
【实时弹幕】,1665473516504,2022-10-11 15:31:56,jd_7215d089509db,领券下单更优惠
【主播推送商品】,1665473525502,2022-10-11 15:32:05,主播,128号
【实时弹幕】,1665473527020,2022-10-11 15:32:07,jd_159777ngb,领券下单更优惠
【实时弹幕】,1665473529228,2022-10-11 15:32:09,小宇RainRain,领券下单更优惠
【实时弹幕】,1665473532470,2022-10-11 15:32:12,jd_189619rbj,领券下单更优惠
【实时弹幕】,1665473538262,2022-10-11 15:32:18,雨砚雨,牛肉干可以用十元优惠券吗
【主播推送商品】,1665473538432,2022-10-11 15:32:18,主播,128号
【实时弹幕】,1665473545482,2022-10-11 15:32:25,超级老赌神,领券下单更优惠
【主播推送商品】,1665473552295,2022-10-11 15:32:32,主播,99号
【实时弹幕】,1665473553084,2022-10-11 15:32:33,jd_ogOruHboVIsP,红色的那款坚果可以领券吗
【用户正在购买】,1665473555608,2022-10-11 15:32:35,jd_gcqHyfpPslcE,109号
【实时弹幕】,1665473560222,2022-10-11 15:32:40,雨砚雨,明白了
【用户正在购买】,1665473564703,2022-10-11 15:32:44,jd_gcqHyfpPslcE,108号
【主播发优惠券】,1665473565237,2022-10-11 15:32:45,主播,5
【用户正在购买】,1665473569903,2022-10-11 15:32:49,jd_gcqHyfpPslcE,102号
【用户正在购买】,1665473575700,2022-10-11 15:32:55,jd_gcqHyfpPslcE,101号
【用户加入购物车】,1665473575977,2022-10-11 15:32:55,jd_ogOruHboVIsP,137号
【用户正在购买】,1665473578106,2022-10-11 15:32:58,jd_ogOruHboVIsP,137号
【实时弹幕】,1665473578707,2022-10-11 15:32:58,jd_亚儿,领券下单更优惠
【主播推送商品】,1665473586905,2022-10-11 15:33:06,主播,128号
【实时弹幕】,1665473622243,2022-10-11 15:33:42,秦之剑士,领券下单更优惠
【用户正在购买】,1665473622543,2022-10-11 15:33:42,jd_gcqHyfpPslcE,77号
【用户正在购买】,1665473638210,2022-10-11 15:33:58,jd_gcqHyfpPslcE,48号
【用户加入购物车】,1665473647753,2022-10-11 15:34:07,jd_gcqHyfpPslcE,48号
【主播推送商品】,1665473648417,2022-10-11 15:34:08,主播,127号
【用户加入购物车】,1665473651572,2022-10-11 15:34:11,jd_gcqHyfpPslcE,48号
【实时弹幕】,1665473653649,2022-10-11 15:34:13,与大象跳舞,领券下单更优惠
【用户正在购买】,1665473654717,2022-10-11 15:34:14,jd_gcqHyfpPslcE,48号
【主播推送商品】,1665473655896,2022-10-11 15:34:15,主播,127号
【用户正在购买】,1665473671562,2022-10-11 15:34:31,jd_gcqHyfpPslcE,47号
【用户正在购买】,1665473688713,2022-10-11 15:34:48,jd_gcqHyfpPslcE,35号
【主播推送商品】,1665473690505,2022-10-11 15:34:50,主播,127号
【主播推送商品】,1665473700815,2022-10-11 15:35:00,主播,127号
【主播推送商品】,1665473710775,2022-10-11 15:35:10,主播,127号
【实时弹幕】,1665473714723,2022-10-11 15:35:14,a200241,领券下单更优惠
【主播发优惠券】,1665473717831,2022-10-11 15:35:17,主播,10
【实时弹幕】,1665473720618,2022-10-11 15:35:20,qiangliu1999,领券下单更优惠
【主播推送商品】,1665473738174,2022-10-11 15:35:38,主播,127号
【用户正在购买】,1665473739537,2022-10-11 15:35:39,jd_gcqHyfpPslcE,29号
【主播推送商品】,1665473747978,2022-10-11 15:35:47,主播,127号
【主播推送商品】,1665473755457,2022-10-11 15:35:55,主播,127号
【实时弹幕】,1665473758366,2022-10-11 15:35:58,jd_135133deek,领券下单更优惠
【用户正在购买】,1665473758963,2022-10-11 15:35:58,jd_gcqHyfpPslcE,22号
【主播推送商品】,1665473766211,2022-10-11 15:36:06,主播,127号
【主播推送商品】,1665473781230,2022-10-11 15:36:21,主播,127号
【实时弹幕】,1665473784675,2022-10-11 15:36:24,jd_62e495bd7206b,领券下单更优惠
【主播推送商品】,1665473793768,2022-10-11 15:36:33,主播,127号
【主播推送商品】,1665473798832,2022-10-11 15:36:38,主播,127号
【实时弹幕】,1665473802450,2022-10-11 15:36:42,jd_186228thl,领券下单更优惠
【主播发优惠券】,1665473815588,2022-10-11 15:36:55,主播,10
【用户关注】,1665473820736,2022-10-11 15:37:00,u_1ej242derth1
【用户正在购买】,1665473827213,2022-10-11 15:37:07,jd_gcqHyfpPslcE,21号
【用户正在购买】,1665473832233,2022-10-11 15:37:12,jd_gcqHyfpPslcE,22号
【用户正在购买】,1665473843827,2022-10-11 15:37:23,jd_eLFdLAgRiJXR,140号
【用户正在购买】,1665473847280,2022-10-11 15:37:27,jd_gcqHyfpPslcE,19号
【主播推送商品】,1665473850188,2022-10-11 15:37:30,主播,120号
【用户正在购买】,1665473861289,2022-10-11 15:37:41,jd_gcqHyfpPslcE,3号
【主播推送商品】,1665473863905,2022-10-11 15:37:43,主播,120号
【用户正在购买】,1665473870119,2022-10-11 15:37:50,jd_gcqHyfpPslcE,1号
【主播推送商品】,1665473873114,2022-10-11 15:37:53,主播,120号
【实时弹幕】,1665473874447,2022-10-11 15:37:54,u_xzdosu47ept7,领券下单更优惠
【主播推送商品】,1665473883513,2022-10-11 15:38:03,主播,120号
【用户正在购买】,1665473885371,2022-10-11 15:38:05,jd_gcqHyfpPslcE,120号
【主播推送商品】,1665473892305,2022-10-11 15:38:12,主播,120号
【主播推送商品】,1665473898195,2022-10-11 15:38:18,主播,120号
【主播推送商品】,1665473908981,2022-10-11 15:38:28,主播,120号
【主播推送商品】,1665473914253,2022-10-11 15:38:34,主播,120号
【实时弹幕】,1665473917194,2022-10-11 15:38:37,海马先生__,领券下单更优惠
【主播推送商品】,1665473920641,2022-10-11 15:38:40,主播,120号
【主播推送商品】,1665473931584,2022-10-11 15:38:51,主播,120号
【实时弹幕】,1665473935140,2022-10-11 15:38:55,武儿鱼儿,领券下单更优惠
【实时弹幕】,1665473937159,2022-10-11 15:38:57,jd432113,领券下单更优惠
【主播推送商品】,1665473942417,2022-10-11 15:39:02,主播,120号
【主播推送商品】,1665473954808,2022-10-11 15:39:14,主播,120号
【主播推送商品】,1665473965111,2022-10-11 15:39:25,主播,120号
【主播推送商品】,1665473979857,2022-10-11 15:39:39,主播,120号
【用户正在购买】,1665473982740,2022-10-11 15:39:42,剁手-党vhi,Top
【实时弹幕】,1665474006452,2022-10-11 15:40:06,AD-811,领券下单更优惠
【实时弹幕】,1665474006856,2022-10-11 15:40:06,AD-811,领券下单更优惠
【实时弹幕】,1665474016815,2022-10-11 15:40:16,琴明村芃,领券下单更优惠
【实时弹幕】,1665474021640,2022-10-11 15:40:21,jd_ogOruHboVIsP,领券下单更优惠
